experiment_id,experiment_name,category,representation,model,evaluation,folds,accuracy,accuracy_std,f1_macro,f1_macro_std,train_accuracy,train_accuracy_std,train_f1_macro,train_f1_macro_std,accuracy_gap,selection_accuracy,parameters,notes,timestamp_utc
baseline_majority,Classe Majoritária,baseline,Nenhuma,DummyClassifier,holdout,,0.343120179149042,,0.1703099913548227,,,,,,,,{'strategy': 'most_frequent'},Classe majoritária: c5,2026-10-01T05:36:45.585095+00:00
baseline_tfidf_holdout,TF-IDF + Regressão Logística - Holdout,baseline,TF-IDF palavra,Regressão Logística,holdout,,0.4441403334162727,,0.4423350271320891,,,,,,,,"{'tfidf': 'defaults', 'C': 1.0, 'max_iter': 1000}",,2026-10-01T05:36:48.345402+00:00
baseline_tfidf_cv,TF-IDF + Regressão Logística - 5-Fold CV,baseline,TF-IDF palavra,Regressão Logística,cross_validation,5.0,0.457196967961169,0.005692491726826,0.4556857813123304,0.0054702077531029,0.7100835856833705,0.0016304615753456,0.7094355108401772,0.001680575437276,0.2528866177222015,,"{'tfidf': 'defaults', 'C': 1.0, 'max_iter': 1000}",,2026-10-01T05:36:56.619950+00:00
baseline_tfidf_grid,Grid Search - TF-IDF + Regressão Logística,baseline_grid,TF-IDF palavra,Regressão Logística,grid_search_cv,5.0,0.461327955526332,0.0066941613716497,0.460150211332511,,0.8170166945710345,,0.8166325101332277,,0.3556887390447025,0.461327955526332,"{'logistic__C': 1.0, 'tfidf__ngram_range': (1, 2)}",,2026-10-01T05:39:21.582583+00:00
tuning_tfidf_char,TF-IDF caracteres,tuning,TF-IDF caracteres,Regressão Logística,3fold_selection_plus_5fold_confirmation,5.0,0.4578444276198758,0.0050243587928748,0.4550964843207229,0.0050399481285363,0.6972551419293185,0.0034039565689999,0.6962316474607191,0.003486093086706,0.2394107143094426,0.4531655229678388,"{'logistic__C': 0.5, 'tfidf__analyzer': 'char', 'tfidf__min_df': 2, 'tfidf__ngram_range': (4, 6), 'tfidf__sublinear_tf': True}",Seleção exploratória com 3-fold e confirmação oficial com 5-fold.,2026-10-01T06:08:13.386564+00:00
tuning_tfidf_word_char,TF-IDF palavra + caractere,tuning,TF-IDF palavra + caractere,Regressão Logística,3fold_selection_plus_5fold_confirmation,5.0,0.4601337028903648,0.0039209602541012,0.458557047557083,0.0041070129381486,0.7560471714295998,0.0011863044143812,0.7554891270792795,0.0012155563116625,0.2959134685392349,0.4527174422962561,"{'features__char__ngram_range': (3, 5), 'features__word__ngram_range': (1, 2), 'logistic__C': 0.5}",Seleção exploratória com 3-fold e confirmação oficial com 5-fold.,2026-10-01T06:22:55.114194+00:00
current_model,tfidf_word_current,current,TF-IDF palavra,Regressão Logística,cross_validation,5.0,0.4617761377607682,0.0081665605284833,0.4607977863646161,0.0081060557932192,0.8288870484926149,0.0025500982123773,0.8285401095457893,0.0025682529916683,0.3671109107318466,,"{'ngram_range': (1, 2), 'min_df': 1, 'max_df': 1.0, 'sublinear_tf': True, 'C': 1.0}",Configuração atual em desenvolvimento.,2026-10-01T06:36:59.242874+00:00
linear-svc-grid,TF-IDF + LinearSVC,tradicional,TF-IDF palavra,LinearSVC,5-fold CV,5.0,0.4625225549471271,,0.4613351525688399,,,,,,,,{'svc__C': 0.25},,2026-10-01T23:04:42.361506+00:00
tuning_tfidf_word,TF-IDF palavra,tuning,TF-IDF palavra,Regressão Logística,3fold_selection_plus_5fold_confirmation,5.0,0.4619252552367296,0.0060868829831499,0.4597807559577206,0.0059716471016209,0.6876244172791303,0.0027507376830401,0.6866351278450965,0.0028631493087006,0.2256991620424006,0.4584908002717227,"{'logistic__C': 0.5, 'tfidf__max_df': 1.0, 'tfidf__min_df': 5, 'tfidf__ngram_range': (1, 2), 'tfidf__sublinear_tf': True}",Seleção exploratória com 3-fold e confirmação oficial com 5-fold.,2026-10-01T23:30:18.029679+00:00
feature_selection_tfidf,TF-IDF + Seleção de Atributos,feature_selection,TF-IDF palavra + chi2,Regressão Logística,3fold_selection_plus_5fold_confirmation,5.0,0.4619252552367296,0.0060868829831499,0.4597807559577206,0.0059716471016209,0.6876244172791303,0.0027507376830401,0.6866351278450965,0.0028631493087006,0.2256991620424006,0.4584908002717227,"{'ngram_range': (1, 2), 'min_df': 5, 'max_df': 1.0, 'sublinear_tf': True, 'C': 0.5, 'selection_percentile': 100}",Seleção por qui-quadrado após TF-IDF. Exploração com 3-fold e confirmação com 5-fold.,2026-10-01T23:42:50.595253+00:00
preprocessing_sem_preprocessamento,Pré-processamento - Sem pré-processamento,preprocessing,TF-IDF palavra,Regressão Logística,3fold_selection_plus_5fold_confirmation,5.0,0.4619252552367296,0.0060868829831499625,0.4597807559577206,0.005971647101620957,0.6876244172791303,0.0027507376830401007,0.6866351278450965,0.0028631493087006177,0.22569916204240065,0.45849080027172273,"{'ngram_range': (1, 2), 'min_df': 5, 'max_df': 1.0, 'sublinear_tf': True, 'C': 0.5, 'preprocessing': 'sem_preprocessamento'}","Comparação exploratória de 3 configurações de pré-processamento, seguida de confirmação em 5 folds.",2026-10-01T23:46:37.993435+00:00
