C_c234,C_c1_c5,c234_threshold,train_accuracy_3fold,train_accuracy_std_3fold,accuracy_3fold,accuracy_std_3fold,train_f1_macro_3fold,f1_macro_3fold,accuracy_gap_3fold
0.5,1.0,0.4,0.6508310405274514,0.006391575073825264,0.4500794228898108,0.004102701012230341,0.6453183950956873,0.4355632788112158,0.20075161763764066
1.0,1.0,0.4,0.6943807151889659,0.003794216785430975,0.44983042890887076,0.005763566622161918,0.6933816151964641,0.4428649269945894,0.24455028628009517
0.5,0.5,0.4,0.6265677226848522,0.004076361738069743,0.448685875504139,0.004022742906560856,0.6220353583079844,0.43345781084988194,0.17788184718071315
1.0,0.5,0.4,0.6705155781582007,0.0015967616445398771,0.4479889420425805,0.005657757703205524,0.6695491641986394,0.440372573583849,0.22252663611562024
0.25,1.0,0.4,0.607903484832701,0.006223094564120929,0.44744162641646684,0.004280573565975163,0.5875349119705283,0.4172000937343201,0.16046185841623412
1.0,1.0,0.5,0.600014783425968,0.005733881786264178,0.44664533910272314,0.003883712481985472,0.5622091741254637,0.3890308756629392,0.1533694443232449
0.25,0.5,0.4,0.5831175746471509,0.003849352048061389,0.44629694668297765,0.005030856309295262,0.5650224865398612,0.41540998109421795,0.1368206279641732
1.0,0.5,0.5,0.5739099434266881,0.0033233516194441865,0.4454509304254177,0.005303926676981961,0.539595058749267,0.3874178549009675,0.12845901300127038
0.5,1.0,0.5,0.5510898907544394,0.0030926392126017286,0.44450522591602065,0.0029512327880824247,0.47320167913135247,0.367319828615623,0.10658466483841872
0.5,0.25,0.4,0.6042453793061652,0.0038919034199008697,0.4438580065360716,0.004475369680498228,0.5999327145747007,0.4277220344230779,0.16038737277009357
1.0,1.0,0.6,0.540787275306835,0.004155059148261042,0.44375868240829996,0.002952091270833986,0.4499031032725696,0.3604491896610122,0.09702859289853505
1.0,0.25,0.4,0.6485914118755185,0.0023361003287486635,0.4436090274173383,0.006327525086759546,0.6469710210570933,0.4350529288331953,0.20498238445818018
0.5,0.5,0.5,0.5249352809405522,0.0005637356451231667,0.44355965516648427,0.004712514580031383,0.4513908300759058,0.3659492903510015,0.08137562577406793
1.0,0.5,0.6,0.5145828993941693,0.001849811517014448,0.44301219834940625,0.004756680907406066,0.4282270403135043,0.35925708949013924,0.0715707010447631
0.25,1.0,0.5,0.532425742082186,0.0034069972879541065,0.44271345313133986,0.002662961833664003,0.4321014807049129,0.3565842137340085,0.0897122889508461
0.5,1.0,0.6,0.5304846914437777,0.00313130465781126,0.4422655062196181,0.0029854870951831697,0.4274711442264724,0.355178557618905,0.08821918522415967
0.25,0.5,0.5,0.5061715944969983,0.0008886430600867499,0.4419172029731131,0.004400231597816968,0.41050078256281314,0.35534827948641867,0.06425439152388523
0.25,1.0,0.6,0.5295639387260529,0.0034628218857170948,0.4419170989376658,0.0032631972446734866,0.42539562239469525,0.35409144565021444,0.08764683978838711
0.5,0.5,0.6,0.5042305438585902,0.001043553775178842,0.44156880312226426,0.0045803997053582,0.4059007714876661,0.3540169654452421,0.06266174073632597
0.25,0.25,0.4,0.5601233127604599,0.00400895403572041,0.44136952322293377,0.005265731132205459,0.5434773050852121,0.4098509570667816,0.11875378953752613
0.25,0.5,0.6,0.5033097911408652,0.0017964948355870937,0.4412203958403121,0.00481776798167393,0.40383585342636213,0.3529276853932129,0.062089395300553074
1.0,0.25,0.5,0.5505672835481724,0.003582871946472859,0.4404239599045008,0.005335217907242375,0.5187809834249775,0.3822288617290672,0.11014332364367163
0.5,0.25,0.5,0.5014433023286413,0.0017160969180167165,0.43818429965692535,0.00433145822872902,0.4312618902448851,0.3605839961432727,0.06325900267171597
1.0,0.25,0.6,0.49106603587495484,0.0019971129359271276,0.4377363899007203,0.004279256002381779,0.4082463171608039,0.35401174008226205,0.05332964597423456
0.25,0.25,0.5,0.4826796158850875,0.0016382800648899224,0.4365916209939906,0.003985418391663891,0.39065460298782956,0.3500649609039776,0.046087994891096884
0.5,0.25,0.6,0.4807385652466793,0.0011084240341748173,0.4362432211431418,0.004171636702548726,0.3860792330648533,0.34873881150526825,0.044495344103537504
0.25,0.25,0.6,0.47981781252895445,0.001263075037471443,0.43589481386118956,0.004439904754932554,0.3840244957740518,0.3476485821414566,0.04392299866776489
