C,train_accuracy_3fold,train_accuracy_std_3fold,accuracy_3fold,accuracy_std_3fold,train_f1_macro_3fold,f1_macro_3fold,embedding_weight,accuracy_gap_3fold
1.0,0.7493778708147061,0.0016353412575004801,0.4537625452444587,0.0024745068401170484,0.7488748753873607,0.45311508334760053,0.1,0.2956153255702474
0.25,0.6088989721626622,0.0028628648654829593,0.4534639337862531,0.003999003987160755,0.6074701736646212,0.45154239221167997,0.1,0.1554350383764091
0.5,0.6748207507278984,0.0028992416999215286,0.4532150661340706,0.003720915311828548,0.6738884711338478,0.45179868779755555,0.1,0.2216056845938278
1.0,0.7452965843783312,0.0017490815120539754,0.45102507538148423,0.003578515608664427,0.7447674265206717,0.4504110319976058,0.5,0.294271508996847
1.0,0.7470883274308319,0.00288582425996519,0.45097532414435787,0.0038336541766213214,0.7465653034786842,0.45033623787125404,0.25,0.296113003286474
1.0,0.7491787506821566,0.002584653217305738,0.4506269465868192,0.0033757162921982413,0.7486653188707995,0.4500891219044467,1.0,0.2985518040953374
0.5,0.6688980238830826,0.002231353574297885,0.4502288029299473,0.002784179510627973,0.6680028598182801,0.44897143277496493,0.25,0.2186692209531353
0.25,0.6004877192870981,0.0010527344243563917,0.44938279410349075,0.0014298911647048994,0.5992164149063195,0.4478024194636718,0.25,0.15110492518360735
0.5,0.6694206533843241,0.0008017949397702947,0.44923331745901035,0.0035115322586067826,0.6685351248152283,0.44805812550640595,0.5,0.22018733592531375
0.5,0.6684501550048808,0.0007500456016625366,0.44913380012255083,0.003083745111427336,0.6675740229167043,0.4480085902866133,1.0,0.21931635488232998
0.25,0.5976010347394903,0.001645854712160418,0.44704355707062876,0.000774737438112684,0.5963445213289047,0.4457045595874933,1.0,0.15055747766886157
0.25,0.5978747389931988,0.0013743031577203618,0.446794667125136,0.0019262472571305888,0.5966132529223375,0.44534099558165385,0.5,0.15108007186806277
