embedding_weight,C,train_accuracy_3fold,train_accuracy_std_3fold,accuracy_3fold,accuracy_std_3fold,train_f1_macro_3fold,f1_macro_3fold,accuracy_gap_3fold
0.1,0.5,0.691842359890345,0.006068705211402054,0.4594861668450057,0.00615187184828156,0.6908419873893393,0.45718322131532935,0.23235619304533933
0.25,0.5,0.6919171465241883,0.004110775257440742,0.4588889439285946,0.004150516893116537,0.6908900964261576,0.4567454940514717,0.23302820259559376
0.5,0.5,0.6828089917638462,0.0025391570719494735,0.45804299455096514,0.0007395253202636885,0.6818313766126406,0.4562744517325537,0.2247659972128811
0.05,0.5,0.6945798446110881,0.005557826260737787,0.45789345845765755,0.005874852460819594,0.6936004367443217,0.4555592307466713,0.23668638615343057
0.25,0.25,0.6261447480035268,0.0008566724089328789,0.45605214250674503,0.0041527694744856545,0.6241502607071131,0.4527251753996527,0.1700926054967818
0.1,1.0,0.7617707330117544,0.00426984147541966,0.45535515702746293,0.005243092884529915,0.7612749520063179,0.4542133370562049,0.3064155759842914
0.05,1.0,0.7607006262602583,0.00531541048582439,0.4553053389104062,0.005417467145051299,0.7602079321310363,0.4541408532828628,0.30539528734985205
1.0,0.5,0.6842274872175945,0.005224983734668717,0.45525569913983044,0.0019326804296761109,0.6833049763392592,0.45345598899682943,0.22897178807776408
0.5,0.25,0.6226855768180869,0.004560302368780174,0.4552060742314616,0.0016156781005466816,0.6206796510926927,0.4519338125853047,0.1674795025866253
0.1,0.25,0.6309973885339065,0.0038071183264756026,0.4550565901558776,0.004067608464847924,0.628965392066975,0.45143975374259876,0.1759407983780289
0.5,1.0,0.7595559818354669,0.0032610847122556204,0.4539616690906183,0.0015599684404388756,0.7590488929709153,0.4529045419463095,0.3055943127448486
0.25,1.0,0.757142093805399,0.004633759070100103,0.45386204771871147,0.005019201828063157,0.7566148129116597,0.4526730973382775,0.3032800460866875
0.05,0.25,0.6303005851185987,0.002803516023270416,0.4538123484993088,0.003292413535490261,0.6282749890304679,0.45012218699350276,0.17648823661928986
1.0,0.25,0.6177582369758472,0.003715505512660413,0.4534143311711944,0.0005245966074318756,0.6159585364574686,0.45052054196884567,0.1643439058046528
1.0,1.0,0.7596554694430747,0.0054939177728481805,0.4532649585621611,0.0003424526275750365,0.7592067745431311,0.45230136416630967,0.3063905108809136
