ngram_range,min_df,sublinear_tf,C,train_accuracy_3fold,train_accuracy_std_3fold,accuracy_3fold,accuracy_std_3fold,train_f1_macro_3fold,f1_macro_3fold,accuracy_gap_3fold
"(1, 2)",1,True,0.1,0.7858350849287105,0.0043692208995987315,0.45918763712893734,0.004668271179266894,0.7852436600655168,0.45692794380417595,0.3266474477997731
"(1, 2)",1,False,0.1,0.7737407115652895,0.004845199249676671,0.45764480630747295,0.0025898613662953297,0.7730502979507531,0.45504349731816557,0.3160959052578165
"(1, 2)",5,True,0.1,0.7113278052572628,0.005162846908488471,0.4568483034917313,0.004922707467082789,0.7104073242552649,0.45377802252128224,0.2544795017655315
"(1, 3)",5,True,0.1,0.7173251701027588,0.005002424878256971,0.4564999556586062,0.0027838553862556026,0.7164139593629578,0.45371723984224616,0.2608252144441526
"(1, 2)",2,True,0.1,0.7470136206873135,0.005466444136175693,0.45645009295492905,0.005139916188057971,0.7462249804129025,0.4534059572907994,0.2905635277323844
"(1, 2)",2,False,0.1,0.7340234185296765,0.0038454720020245654,0.45640050520207703,0.004812431395006485,0.7331439166390245,0.45327454409877693,0.2776229133275994
"(1, 2)",5,False,0.1,0.701050074716962,0.0037952721435873444,0.4560520459024011,0.004508101518272935,0.7000309963685587,0.4529933758076108,0.2449980288145609
"(1, 3)",1,False,0.1,0.8088293059412819,0.004211908443121853,0.4555545186689307,0.0024601105380783494,0.8082869186114574,0.45389140037568393,0.3532747872723512
"(1, 3)",5,False,0.1,0.7098844360436981,0.0033152186539464187,0.45505663474249797,0.002905300607786882,0.7088822622997077,0.45228425869424144,0.25482780130120014
"(1, 3)",2,False,0.1,0.751418373760346,0.004677336071105372,0.45495721401038236,0.003422403017584216,0.750617387327326,0.4521470284693423,0.2964611597499637
"(1, 3)",1,True,0.1,0.8191070290499244,0.004176547889920538,0.4548079231434863,0.0005889972233569181,0.8186173142017027,0.4531562442940382,0.3642991059064381
"(1, 3)",2,True,0.1,0.7602278613272655,0.004539480639519636,0.4548078116769356,0.001592006975904904,0.7594502531005723,0.4521839118362532,0.3054200496503299
"(1, 3)",1,True,0.25,0.8901552285737445,0.002226143620379207,0.45460852434650173,0.003977323271351145,0.8899331171353513,0.45413268831850373,0.4355467042272428
"(1, 3)",1,False,0.25,0.8851034772003881,0.0026944210319037173,0.4543597904541799,0.002970099553694576,0.8848846233469266,0.45368373389639993,0.43074368674620817
"(1, 2)",1,True,0.25,0.8709436193724674,0.0015337580103318977,0.45386207001202167,0.004283173437167357,0.8707112080612451,0.4528648072258717,0.4170815493604458
"(1, 2)",1,False,0.25,0.8631793220651932,0.002583439195787024,0.45331459833273685,0.004632124237089467,0.8629279342625479,0.4521723373608528,0.40986472373245636
"(1, 1)",1,True,0.1,0.6914691383023964,0.004783213500163688,0.45301608347887523,0.004671842514732461,0.6903594069955058,0.4500705172543898,0.2384530548235212
"(1, 3)",1,True,0.5,0.9189727148343273,0.00031554093728150166,0.4516719306373677,0.005476421638204624,0.9188021356408091,0.4516566142472034,0.4673007841969596
"(1, 2)",5,True,0.25,0.7985765011824046,0.0017413350862523689,0.4515723166965642,0.007409533770069032,0.7981818840103542,0.45038047197318903,0.3470041844858404
"(1, 2)",2,True,0.25,0.8361287961351067,0.0007440419954302179,0.45142307784739183,0.005483882737257521,0.8358164430855356,0.45021024196878234,0.3847057182877149
"(1, 1)",2,True,0.1,0.6735017540292453,0.005367817606316484,0.451373571836677,0.005525890952960664,0.6722207886614752,0.44826677200763143,0.2221281821925683
"(1, 3)",2,True,0.25,0.8487208360600551,0.001728675575571183,0.4513235382176222,0.005282532411465379,0.8484278070582576,0.4501231614950758,0.3973972978424329
"(1, 1)",5,True,0.1,0.6545638695187365,0.005780370377022116,0.45092558776943825,0.005962280241291311,0.6532843518310014,0.44780014357577613,0.2036382817492982
"(1, 1)",1,False,0.1,0.6790513094498047,0.004110037079390814,0.4509255580450248,0.005157801478249548,0.6777819338816727,0.44768606052840315,0.22812575140477992
"(1, 3)",2,False,0.25,0.8423252346652891,0.0020607453431821894,0.45047762599550967,0.003328146458689631,0.8420159481532492,0.44920842852977755,0.3918476086697794
"(1, 2)",1,True,0.5,0.9076995657069032,0.001246445929552397,0.4501289437627323,0.006752822750438397,0.9075167801976943,0.44980385731013794,0.4575706219441709
"(1, 1)",5,False,0.1,0.6442364397645807,0.003426667844509969,0.4498803584924782,0.004172563412144901,0.6426924364437152,0.44670440876271167,0.19435608127210247
"(1, 1)",2,False,0.1,0.6621291488787607,0.004362753584509047,0.4497310601944788,0.004038452643294995,0.6607083195788528,0.4464812741235044,0.21239808868428195
"(1, 3)",5,True,0.25,0.8051214231684805,0.0006902688900649872,0.44973090414130784,0.004751009877875299,0.8047227764239193,0.44852718777694656,0.3553905190271726
"(1, 3)",1,False,0.5,0.9162104195228619,0.0007053393635567948,0.4495318694683888,0.004932784386762923,0.9160396112148904,0.44934035503126374,0.46667855005447306
"(1, 2)",2,False,0.25,0.8272446315513017,0.0012297624892825786,0.4492331391125292,0.006373134508858504,0.8269312030330305,0.4478058686846325,0.37801149243877247
"(1, 3)",5,False,0.25,0.7982281161959817,0.0011662579659331637,0.44873557472354175,0.003436721558234157,0.7978410065849292,0.4475105092150316,0.3494925414724399
"(1, 2)",5,False,0.25,0.7888213332584222,0.002594372254146557,0.44823772795262595,0.00590754112377718,0.7884077347660777,0.44694852592026285,0.34058360530579623
"(1, 2)",1,False,0.5,0.9027224560500562,0.0012161807154461182,0.44808839249910964,0.006746955376478457,0.9025400231288252,0.4475123666437351,0.45463406355094654
"(1, 1)",1,True,0.25,0.776403498832087,0.0018949426572995405,0.4475411883395466,0.001927339117732231,0.7759805704199653,0.44585040265004644,0.32886231049254044
"(1, 2)",2,True,0.5,0.8837845585341456,0.001992386013338545,0.4468440319448866,0.006866122342224731,0.883585586047633,0.44626706894017404,0.436940526589259
"(1, 3)",1,True,1.0,0.934625735843309,0.00043031996199880784,0.4465952534659447,0.0057832348771317465,0.9344567931102913,0.4468221573639204,0.4880304823773643
"(1, 1)",1,False,0.25,0.7598546118705988,0.002280500254737758,0.4462969987007013,0.004720092319108149,0.7593642895307889,0.444451074061863,0.3135576131698975
"(1, 3)",2,False,0.5,0.8880648592019414,0.0023950970139290364,0.4457990999120618,0.0037553308657322683,0.8878580900427059,0.44527312118550294,0.44226575928987966
"(1, 1)",2,True,0.25,0.7470883051358573,0.002669185091312633,0.44569959743780907,0.003612267709828414,0.7465563491512758,0.4440341248448036,0.30138870769804826
"(1, 3)",2,True,0.5,0.8921958634313166,0.002222220251346088,0.44515196970535337,0.004698613907918309,0.8919918344696964,0.44463411638317224,0.44704389372596326
"(1, 3)",1,False,1.0,0.9327344457299356,0.0007164249939415149,0.44485329879832075,0.006895185868878936,0.9325651805549745,0.44493877981207824,0.48788114693161483
"(1, 2)",5,True,0.5,0.8532998057791881,0.0018779638985282352,0.4448034138013335,0.007022899892012757,0.853027021338829,0.44419536327582154,0.4084963919778546
"(1, 2)",2,False,0.5,0.8772396421218134,0.0025280270912558253,0.4444053370243921,0.005778178451278037,0.877027147516451,0.4437558308389907,0.43283430509742127
"(1, 2)",5,False,0.5,0.8449382353962482,0.0029612561812170433,0.4442061908849224,0.0067662239310532024,0.8446860634082566,0.44357549142645275,0.4007320445113258
"(1, 1)",5,True,0.25,0.7177233583462511,0.0034213942018257457,0.44405699662237036,0.005078842723079786,0.7171585603441653,0.4425252496020125,0.27366636172388076
"(1, 2)",1,True,1.0,0.9282301455960301,0.00019436986651373198,0.44395736781936007,0.006064580758526381,0.9280600975823488,0.44400629968326805,0.48427277777667005
"(1, 3)",5,True,0.5,0.8586999774393439,0.001830211975232736,0.4438080546591539,0.006276575981999048,0.8584290421373252,0.4432828111608902,0.41489192278019
"(1, 3)",5,False,0.5,0.8522048642840808,0.0016262620870606227,0.44345986287919975,0.00332246429908516,0.8519495728997096,0.4429106144645411,0.40874500140488107
"(1, 1)",2,False,0.25,0.732654700322194,0.003002169032344762,0.44326080591297057,0.003970589741855202,0.7320609877324297,0.4414649385161615,0.2893938944092235
"(1, 2)",1,False,1.0,0.9251692276810909,0.00035062067288665324,0.4428126212059406,0.006431315776309573,0.9250007384778786,0.44274842209761683,0.4823566064751503
"(1, 1)",5,False,0.25,0.7047331338936395,0.0034797859902876834,0.44226540961527405,0.004947623314502757,0.7040616767630813,0.440515139741749,0.2624677242783654
"(1, 1)",1,False,0.5,0.8154488436330635,0.0033007376246025986,0.4421658402610909,0.00412820997893661,0.815169230728103,0.4410998224847464,0.37328300337197257
"(1, 1)",1,True,0.5,0.8318982318394568,0.0021504542432116,0.44131955648380944,0.005498312299756813,0.8316364459884081,0.44014440035004676,0.39057867535564733
"(1, 2)",2,True,1.0,0.9125024754388807,0.0006886029880406547,0.4405230685302744,0.0074546011230715034,0.9123084992511435,0.4404158052571871,0.47197940690860635
"(1, 3)",2,True,1.0,0.9175791563094898,0.0006680230302314196,0.4398264174506443,0.005394079168245767,0.9173925354773655,0.4397080317245537,0.4777527388588455
"(1, 3)",2,False,1.0,0.9148915027145339,0.0008595186739140129,0.4389804234863946,0.0038939393512545167,0.9147047872167652,0.43885472779720236,0.4759110792281393
"(1, 2)",2,False,1.0,0.908271922290718,0.0012124845841641977,0.4389802302777068,0.006532986579328353,0.9080729853722506,0.4388254211478709,0.4692916920130112
"(1, 1)",2,True,0.5,0.7986262654232684,0.0020273318666858935,0.43893061280044127,0.004656957302412723,0.7982847455070149,0.4379243852922314,0.35969565262282716
"(1, 1)",2,False,0.5,0.7834709425603612,0.004084945841426444,0.4384827847863734,0.0028034901975162595,0.7830978253218701,0.43739186062087637,0.3449881577739878
"(1, 1)",5,True,0.5,0.765677849249892,0.0014339875401311087,0.43813420658904345,0.0053196979673841745,0.7653085135665104,0.43707771016046415,0.32754364266084857
"(1, 1)",5,False,0.5,0.7502985176313025,0.0036365231503056386,0.43793517934722775,0.004687113502100764,0.7498871564815403,0.43690042598707085,0.31236333828407475
"(1, 2)",5,True,1.0,0.8913248823861136,0.0027312401099676984,0.4373377334977153,0.007297060277227274,0.8911228954806609,0.43714663425233824,0.4539871488883983
"(1, 1)",1,False,1.0,0.8610143444193422,0.002304687317864415,0.43624302050335056,0.0037712432394648187,0.8608113763601102,0.4356847412955303,0.42477132391599165
"(1, 3)",5,False,1.0,0.8925442725706286,0.0009076213182253954,0.43614357004682147,0.002435208145754532,0.8923365619444009,0.43596259196493925,0.45640070252380716
"(1, 3)",5,True,1.0,0.8954061056533943,0.0011313458455181186,0.43529729370064324,0.005027191391724056,0.8951948247465028,0.43515751882924575,0.46010881195275105
"(1, 2)",5,False,1.0,0.8861735653727387,0.002149543043629502,0.4349984890337499,0.0073247018152673956,0.8859691164477903,0.4346890920206956,0.45117507633898885
"(1, 1)",1,True,1.0,0.8738055026189255,0.0018726217456465852,0.43479967729393215,0.003517875847632302,0.8736155845137668,0.43418919360417857,0.4390058253249934
"(1, 1)",2,False,1.0,0.8297083432754985,0.0019206629621090013,0.4339038354882121,0.003047503177341314,0.829466251753261,0.43334418068015185,0.3958045077872864
"(1, 1)",2,True,1.0,0.8430967987036365,0.0030953481524049987,0.432460321363416,0.005109004768659357,0.8428493684085924,0.43189943165763006,0.4106364773402205
"(1, 1)",5,False,1.0,0.793873155232531,0.0027693602693355393,0.4323608411824735,0.005630419526682652,0.7936068927305695,0.4317785243015831,0.3615123140500575
"(1, 1)",5,True,1.0,0.8081823485150776,0.0024644561588229976,0.4319128794085448,0.004648009919817979,0.8079258038841659,0.431369054932889,0.37626946910653286
