ngram_range,min_df,sublinear_tf,max_df,C,train_accuracy_3fold,train_accuracy_std_3fold,accuracy_3fold,accuracy_std_3fold,accuracy_gap_3fold
"(1, 2)",1,True,1.0,1.0,0.8348347363653644,0.0012364269093321327,0.45625123662849115,0.005121782229220109,0.3785834997368733
"(1, 2)",2,True,1.0,1.0,0.7963864565536255,0.004968509517642837,0.4556040395418523,0.004471440241763765,0.3407824170117732
"(1, 2)",1,False,1.0,1.0,0.8256270419758073,0.0026926240133857498,0.45535529078732373,0.003866379060341107,0.37027175118848354
"(1, 2)",5,True,1.0,1.0,0.7612232780564742,0.003625506336176144,0.45381226675717157,0.006261023313478745,0.3074110112993026
"(1, 2)",5,False,1.0,1.0,0.7508211378429713,0.0026159741069060353,0.45226933933136326,0.005197512712698846,0.29855179851160807
"(1, 2)",2,False,1.0,1.0,0.7879005285190903,0.004697123692612998,0.4519708021841915,0.005336529157440923,0.3359297263348988
"(1, 1)",1,True,1.0,1.0,0.7389009365357017,0.0036620322092056875,0.44963158744463955,0.002667718156103339,0.2892693490910621
"(1, 1)",2,True,1.0,1.0,0.7151850086213738,0.004409396431065758,0.4479889940603042,0.0064763304198733815,0.2671960145610696
"(1, 1)",5,True,1.0,1.0,0.6896524769001305,0.005044774865074954,0.4474415149499161,0.005259343071897753,0.24221096195021447
"(1, 1)",2,False,1.0,1.0,0.7011496589361258,0.003174629733800784,0.4458488437180848,0.005462954344301305,0.255300815218041
"(1, 1)",1,False,1.0,1.0,0.7230737843446882,0.0024773260738333094,0.4452018992889608,0.006224993949815824,0.27787188505572735
"(1, 1)",5,False,1.0,1.0,0.6774337124426525,0.0034938965935490344,0.4451023076414675,0.006425507829684262,0.23233140480118497
