analyzer,ngram_range,min_df,sublinear_tf,C,train_accuracy_3fold,train_accuracy_std_3fold,accuracy_3fold,accuracy_std_3fold,accuracy_gap_3fold
char,"(4, 6)",2,True,0.5,0.7065996097004615,0.005891589516342536,0.4531655229678388,0.0028800795315148497,0.25343408673262274
char,"(4, 6)",2,True,1.0,0.7817041587317459,0.0038101877701473435,0.45266764647250946,0.0033770962247560814,0.32903651225923647
char,"(3, 5)",2,True,1.0,0.7556987468868087,0.0026747058565066884,0.452269450797914,0.0041421361312552005,0.30342929608889474
char,"(3, 5)",2,True,0.5,0.6763637729034647,0.010595885387301666,0.45182156333501916,0.006996796688746816,0.22454220956844556
char_wb,"(4, 6)",2,True,0.5,0.6575504244043465,0.00918137696715713,0.44908399686770073,0.003508454726100862,0.2084664275366458
char_wb,"(3, 5)",2,True,1.0,0.7172257103638691,0.004855100529784783,0.4486859349529661,0.0029420440025124963,0.26853977541090296
char_wb,"(3, 5)",2,True,0.5,0.6555095888920047,0.004640920827874593,0.44858640275429984,0.0018257174559386823,0.20692318613770488
char_wb,"(4, 6)",2,True,1.0,0.7291706442294502,0.006248060223435617,0.44798906837133795,0.004572008885888022,0.28118157585811226
char,"(4, 6)",2,True,2.0,0.8491190001506584,0.003334925509864278,0.4477900485606258,0.0029485061152383944,0.4013289515900326
char_wb,"(3, 5)",2,True,2.0,0.7778966081336266,0.0024421032143235183,0.4446047506835835,0.0010217819966005853,0.3332918574500431
char,"(3, 5)",2,True,2.0,0.8213965092647045,0.0044721480097856285,0.4445051144494699,0.0056099203933118675,0.37689139481523465
char_wb,"(4, 6)",2,True,2.0,0.7859343440128305,0.010244507585826871,0.44092173979548627,0.0013116488549834182,0.3450126042173442
