vector_size,window,min_count,epochs,sg,C,train_accuracy_3fold,train_accuracy_std_3fold,accuracy_3fold,accuracy_std_3fold,train_f1_macro_3fold,f1_macro_3fold,accuracy_gap_3fold
200,5,2,10,1,0.5,0.46035738212335814,0.0029878744187999086,0.4255924287400658,0.002410757589366295,0.4586955303241584,0.42406724658393197,0.03476495338329233
200,5,2,10,1,0.25,0.46035738212335814,0.0029878744187999086,0.42554262548521576,0.001919333898521256,0.45866708550061275,0.42402718533662714,0.034814756638142375
200,5,2,10,1,1.0,0.4602827292593615,0.003015677529682991,0.4252938024196535,0.0023608959825046675,0.45860846499856206,0.4237903947655533,0.034988926839708
200,5,2,5,1,1.0,0.4601334012363938,0.0009243053419073744,0.4232531768449969,0.0023427639946537616,0.4584974361208641,0.42191511996333514,0.036880224391396876
100,5,2,10,1,0.25,0.4464962379367235,0.004935287436976513,0.4232033661590435,0.0018848654437632877,0.44385187929716663,0.4203618132822767,0.02329287177767997
100,5,2,5,1,0.25,0.44520217445115207,0.004630766126313465,0.423004457814882,0.006314576127063922,0.4426886917231376,0.42074789060651,0.02219771663627007
200,5,2,5,1,0.5,0.46013339566265027,0.000892851005935904,0.42300430176171105,0.002039335677218839,0.4585005086300755,0.421676631005046,0.037129093900939214
200,5,2,5,1,0.25,0.4597849976708255,0.0004658112056885618,0.42300427946840086,0.0018987112324209345,0.4581645461641886,0.4215964587986449,0.03678071820242462
100,5,2,5,1,1.0,0.4451275253029845,0.004860103474132706,0.42270583149446966,0.006219690677762337,0.4426139447834752,0.42046814004038,0.02242169380851483
100,5,2,5,1,0.5,0.44545102909793294,0.004980941122119208,0.42250674480382694,0.006534581326960528,0.4429829213732322,0.4203199102599355,0.022944284294106
100,5,2,10,1,0.5,0.44664555109637494,0.004979511325638438,0.4225066259061729,0.002586478404965106,0.44404367934252337,0.4196569371717662,0.024138925190202054
100,5,2,10,1,1.0,0.4467948549664536,0.00473382963677553,0.4222577731161971,0.0027148964658626987,0.44415043426886597,0.41935882411009623,0.024537081850256492
