texto,classe_real,classe_predita,prob_c1,prob_c234,prob_c5,confianca,n_caracteres,n_palavras,acertou
" Prezado Adroaldo,  Em atenção à sua solicitação, informamos que não temos código de vaga disponível para o cargo em questão.  Atenciosamente,  Serviço de Informação ao Cidadão ",c234,c5,0.03893001800248089,0.09505144778420142,0.8660185342133178,0.8660185342133178,177,26,False
" Prezado(a) Sr(a). Cesar, Encaminhamos-lhe resposta da Diretoria de Gestão de Pessoas do Banco do Brasil ao seu pedido de informação:  ""Prezado Cesar,  Deixamos de prestar a informação conforme previsto no inciso II do Art. 13 do Decreto 7.724/12, abaixo transcrito:   Art. 13. Não serão atendidos pedidos de acesso à informação:  I - genéricos,  II - desproporcionais ou desarrazoados, ou  III - que exijam trabalhos adicionais de análise, interpretação ou consolidação de dados e informações, ou serviço de produção ou tratamento de dados que não seja de competência do órgão ou entidade.  Dessa forma, orientamos que você esclareça melhor quais seriam as informações desejadas para que possamos avaliar a possibilidade do fornecimento, considerando o contido no Art. 31 da Lei 12.527, que trata das condições a serem observadas para o fornecimento de informações de caráter pessoal.  Atenciosamente,  Ana Cristina Rosa Garcia                 Gerente Executiva""                   Atenciosamente,  Serviço de Informação ao Cidadão do Banco do Brasil  SICBB  Recurso  Conforme a Lei 12527/11 em seu artigo Art. 15, no caso de indeferimento de acesso a informações ou às razões da negativa do acesso, poderá o interessado interpor recurso contra a decisão no prazo de 10 (dez) dias a contar da sua ciência.  Parágrafo único. O recurso será dirigido à autoridade hierarquicamente superior à que exarou a decisão impugnada, que deverá se manifestar no prazo de 5 (cinco) dias. ",c234,c1,0.8423946045844206,0.12186962221766308,0.03573577319791631,0.8423946045844206,1475,224,False
" Prezado Senhor,  Em atenção ao pedido de acesso à informação protocolado sob NUP nº 09200000071201604, encaminhamos, em anexo, arquivos com a informação solicitada, obtida a partir de pesquisa no sistema eletrônico de gestão da informação deste Ministério pelos termos ""construtora OAS"" e ""viagem+Lula"".  Nos termos do art. 21 do Decreto nº 7.724, de 16 de maio de 2012, eventual recurso sobre esta resposta deve ser apresentado, no prazo de 10 dias, a contar da data desta decisão.   Atenciosamente,  Serviço de Informação ao Cidadão Ministério das Relações Exteriores ",c234,c5,0.04863289383184383,0.13253509933999255,0.8188320068281635,0.8188320068281635,571,87,False
" Prezada Senhora,  O Serviço de Informações ao Cidadão (SIC) da Agência Nacional de Energia Elétrica  ANEEL agradece o seu contato e apresenta em anexo a cópia do  documento solicitado (48513.000180/2017-00).  Por fim, informamos que, conforme disposto no § Único do art. 15 da Lei nº 12527/11, há a possibilidade de interposição de recursos por meio do sistema, no prazo de 10 (dez) dias.  Atenciosamente,  Superintendência de Regulação dos Serviços de Distribuição  SRD Serviço de Informação ao Cidadão  SIC Agência Nacional de Energia Elétrica - ANEEL ",c1,c5,0.10047061084323315,0.0851346577179962,0.8143947314387706,0.8143947314387706,558,88,False
" Prezado,  Informamos que o Instituto Federal Fluminense não possui código de vaga disponível para professor do ensino básico, técnico e tecnológico na área de Engenharia Ambiental para aproveitamento.  Atenciosamente.  Ouvidoria IFF. ",c234,c5,0.04431970578731452,0.1414587729456355,0.8142215212670499,0.8142215212670499,235,31,False
" Prezado, bom dia.   Segue arquivo anexo em resposta ao seu pedido de informação.   Atenciosamente,   Serviço de Informação ao Cidadão - SIC Instituto Federal de Sergipe - IFS ",c234,c5,0.09601174303044435,0.12285965287498737,0.7811286040945683,0.7811286040945683,176,27,False
" Prezados,               Em resposta ao seu pedido de informação de nº 53850000514201696, a respeito de Solicito Cópia do NUP 101000310/2014, haja vista que foi denunciado através do fala conosco, porém eu nao sei do que se trata  , informamos o seguinte:     O Decreto nº 7.724 de 16 de maio de 2012, que regulamenta a Lei 12.527/2011 (Lei de Acesso à Informação), determina que o pedido de acesso à informação deva conter a especificação, de forma clara e precisa, da informação requerida, determina, ainda, em seu artigo 13, que não serão atendidos pedidos de acesso à informação genéricos.   Para análise da viabilidade de atendimento de seu pleito, solicitamos que, por meio de novo pedido de informação, ele seja melhor especificado, indicando o órgão a que se refere o número de processo, constante de sua demanda.   ",c234,c1,0.780756004063835,0.15751810834658073,0.06172588758958434,0.780756004063835,830,133,False
" Prezado Senhor,        Após a análise do conteúdo de seu pedido de acesso à informação, este Serviço de Informação ao Cidadão identificou estar diante de uma solicitação duplicada, cujo processamento está em curso através do Protocolo SIC Petrobras nº 06597/2017.        Por esta razão, o atendimento ao presente protocolo será encerrado.             Solicitamos que você aguarde a conclusão do pedido de acesso à informação sob o Protocolo SIC nº 6597/2017, que está sendo processado na forma da Lei de Acesso à Informação.         Caso haja necessidade de apresentar outro pedido de acesso à informação, solicitamos gentilmente que este novo pedido seja realizado através do formulário que pode ser encontrado em:    http://transparencia.petrobras.com.br/servico-informacao-cidadao/informacao           A Petrobras novamente agradece a confiança depositada, reafirmando o seu compromisso com a transparência.                                                                                     Atenciosamente,   Serviço de Informação ao Cidadão (SIC)                                                             Ouvidoria-Geral da Petrobras ",c234,c1,0.7736413386524817,0.14070414056502628,0.08565452078249182,0.7736413386524817,1142,131,False
" Bom dia, Isaac,  Informamos que a Reitoria do IF Goiano não possui código de vaga Auxiliar em Administração desocupado, no momento.  Atenciosamente,  SIC IF Goiano ",c234,c5,0.07375445126764713,0.15296189775615196,0.773283650976201,0.773283650976201,165,25,False
" Prezado Senhor,    O Serviço de Informações ao Cidadão (SIC) da Agência Nacional de Energia Elétrica  ANEEL agradece o seu contato e apresenta em anexo a cópia do documento solicitado (48554.001809/2016-00).    Por fim, informamos que, conforme disposto no § Único do art. 15 da Lei nº 12527/11, há a possibilidade de interposição de recursos por meio do sistema, no prazo de 10 (dez) dias.    Atenciosamente,    Superintendência de Regulação dos Serviços de Distribuição  SRD  Serviço de Informação ao Cidadão  SIC  Agência Nacional de Energia Elétrica - ANEEL ",c1,c5,0.12061435348163012,0.1098317179801591,0.7695539285382108,0.7695539285382108,566,88,False
" Prezado, atendendo à solicitação formulada, temos a informar que, até a presente data, não recebemos nenhuma orientação ou determinação de órgão Superior relativo ao enquadramento de diversos servidores ocupantes do cargo de Técnico de Nível Médio e Assistente em Administração.  Permanecendo alguma dúvida, entrar em contato com o Departamento de Recursos Humanos pelo telefone: (21) 2566-3185 Atenciosamente,  e-SIC/CEFET-RJ ",c1,c5,0.07124262051341464,0.1795279148020846,0.7492294646845008,0.7492294646845008,428,58,False
" Senhor João,  O Serviço de Informações ao Cidadão do Ministério do Planejamento, Desenvolvimento e Gestão agradece o seu contato.  Em atenção à sua solicitação, cabe esclarecer inicialmente que o objetivo da Lei de Acesso à Informação (LAI) é fornecer o acesso a informações contidas em registros ou documentos, produzidos ou acumulados por seus órgãos ou entidades, recolhidos ou não a arquivos públicos (art.7º, inciso II, da Lei nº 12.527/2011), ressalvadas as hipóteses de sigilo preestabelecidas em Lei.  Nesse sentido, esclarecemos que pedidos que demandem produção de manifestações deste órgão, não estão abrangidas no escopo da LAI, conforme estabelecido no art. 13, inciso III, do Decreto nº 7.724/2012.  Assim, orientamos que seu pedido seja encaminhado diretamente à unidade responsável pelo assunto pelo e-mail institucional: segrt.decdp@planejamento.gov.br, canal adequado para atender esse tipo de solicitação.  Por oportuno, aproveitamos para informar que as principais dúvidas sobre concursos públicos estão esclarecidas no menu Perguntas Frequentes do site do Ministério do Planejamento, link:   http://www.planejamento.gov.br/servicos/faq/concursos>.  Para mais informações sobre o escopo da Lei de Acesso à Informação, indicamos a leitura do material disponível no link:  www.planejamento.gov.br/acesso-a-informacao/servico-informacao-cidadao-sic/o-que-voce-pode-pedir> .   Atenciosamente,  Ministério do Planejamento, Desenvolvimento e Gestão (MP) ",c234,c1,0.7311891958732823,0.1409933689942378,0.12781743513247992,0.7311891958732823,1469,188,False
" Bom dia! Informações relativas a auto de infração possuem caráter pessoal, relacionada à pessoa natural identificada ou identificável, como CPF, RG, nome completo, dentre outras informações sensíveis que podem expor o usuário. Destacamos que o acesso a esse tipo de informações depende de identificação do requerente, o que não é possível fazer por meio de correspondência eletrônica sem a utilização de certificado digital, emitido nos moldes da Infraestrutura de Chaves Públicas Brasileiras - ICP - Brasil. Diante do exposto, não será possível o envio das informações requeridas conforme Lei 12527/11(Lei de Acesso a Informação) e Decreto 7.724/2012. Para obter o documento solicitado, favor dirigir-se a qualquer unidade da Polícia Rodoviária Federal no Brasil (Postos, Delegacias e Superintendência), cujos endereços e telefones podem ser obtidos no sítio www.prf.gov.br. Atenciosamente, Equipe e-SIC PRF. ",c5,c1,0.7291612079145109,0.16947556696998645,0.10136322511550268,0.7291612079145109,911,131,False
" Prezado Senhor, Encaminhamos em anexo a planilha com as informações solciitadas. Atenciosamente, ",c234,c5,0.10269373123396532,0.16990473649202917,0.7274015322740056,0.7274015322740056,98,12,False
" Prezada cidadã,   Em resposta a sua solicitação, informamos que não poderemos atender ao pedido com base no decreto 7.724/2012, especialmente no que tange à precisão e clareza (artigo 12, inciso III) e aos critérios de proporcionalidade, análise e impedimento de trabalhos adicionais (artigo. 13): Art. 12. O pedido de acesso à informação deverá conter: ... III - especificação, de forma clara e precisa, da informação requerida, e ... Art. 13. Não serão atendidos pedidos de acesso à informação: I - genéricos, II - desproporcionais ou desarrazoados, ou III - que exijam trabalhos adicionais de análise, interpretação ou consolidação de dados e informações, ou serviço de produção ou tratamento de dados que não seja de competência do órgão ou entidade.     Atenciosamente,   Subsecretaria-Geral da ásia e do Pacífico (SGASP)   Ministério das Relações Exteriores (MRE) ",c234,c1,0.724003523851395,0.18886720542223834,0.0871292707263665,0.724003523851395,871,132,False
" Prezado senhor Mário,  Em atenção à sua solicitação, ressaltamos que não cabe ao BB, no âmbito da Lei de Acesso à Informação, se manifestar em tese sobre assunto.  Atenciosamente,  Serviço de Informação ao Cidadão do Banco do Brasil  SICBB  Recurso  Conforme a Lei 12527/11 em seu artigo Art. 15, no caso de indeferimento de acesso a informações ou às razões da negativa do acesso, poderá o interessado interpor recurso contra a decisão no prazo de 10 (dez) dias a contar da sua ciência.  Parágrafo único. O recurso será dirigido à autoridade hierarquicamente superior à que exarou a decisão impugnada, que deverá se manifestar no prazo de 5 (cinco) dias. ",c234,c1,0.7199169163082038,0.18723379728370798,0.0928492864080882,0.7199169163082038,658,110,False
" Informamos que o IFPA possuI um código de vaga livre para o cargo Tecnólogo em Gestão Financeira, sendo assim, será nomeado um candidato aprovado em concurso público. ",c1,c5,0.07738685096829058,0.2054564945840557,0.7171566544476538,0.7171566544476538,168,27,False
 Segue anexo o documento solicitado.  Sonia Maria Valente Caldas Gestora SIC ,c234,c5,0.18145862671661195,0.10347595726088465,0.7150654160225034,0.7150654160225034,77,11,False
" Bom dia!!   O Serviço de Informações ao Cidadão (SIC) da Agência Nacional de Energia Elétrica - ANEEL agradece o seu contato e, em atenção à solicitação em tela, informa que foi anexado a este arquivo digital referente ao protocolo pedido.   Informamos ainda que, conforme disposto no parágrafo único do art. 15 da Lei nº 12.527/2011, há a possibilidade de interposição de recurso por meio do sistema no prazo de 10 (dez) dias.   Para mais informações relacionadas ao setor elétrico e a ANEEL, visite nosso endereço eletrônico abaixo e acesse os diversos serviços prestados pela Agência:   http://www.aneel.gov.br/area.cfm?idArea=412&idPerfil=3   Atenciosamente, Superintendência de Regulação dos Serviços de Transmissão Serviço de Informações ao Cidadão  SIC Agência Nacional de Energia Elétrica  ANEEL Autoridade competente para responder ao recurso em 1ª instância: Superintendente de Regulação dos Serviços de Transmissão ",c1,c5,0.10203955469172017,0.1834176593157411,0.7145427859925387,0.7145427859925387,929,134,False
" Prezado(a) Senhor(a),       Esclarecemos que, conforme o art. 12 do Decreto n.º 7.724, de 16 de maio de 2012, que regulamenta a Lei n.º 12.527, de 18 de novembro de 2011, o pedido de acesso à informação deve especificar, de forma clara e precisa, a informação requerida, não devendo ser genérico, desproporcional ou desarrazoado, conforme art. 13, do referido decreto.    Esclarecemos, ainda, que a Lei de Acesso à Informação (Lei nº 12.527/2011) regula o direito de acesso a informações previsto na Constituição Federal de 1988 e dispõe sobre o acesso às informações produzidas pelos órgãos e entidades públicas.    Assim, o objetivo da lei é o acesso às informações já produzidas pelo órgão, que estão em documentos, arquivos, estatísticas.    Do teor de sua demanda, entretanto, não foi possível verificar qual a informação solicitada a este órgão. Isto porque trata-se de solicitação em tese, pedido eminentemente genérico, que se enquadra no art. 13, I, do Decreto n.º 7.724/2012. A este respeito, colaciona-se recente decisão proferida, em grau recursal, pela Controladoria-Geral da União, que melhor explicita o que se entende por pedido genérico.       O seu pedido, portanto, não se enquadra nas hipóteses previstas na lei.        Diante disso, e como não há a possibilidade de complementação do pedido no sistema e-SIC, sugerimos que faça uma nova solicitação, caso haja interesse, com mais elementos que permitam individualizar o caso e a busca pela informação solicitada, especificando, de forma clara e concisa, a informação requerida, conforme os termos do Art. 12, inc. III, do Decreto n.º 7.724, de 16 de maio de 2012.        Sendo o que havia para o momento, colocamo-nos ao seu dispor.       Atenciosamente,   Serviço de Informações ao Cidadão Advocacia-Geral da União ",c5,c1,0.7132182512331194,0.1817189934163779,0.1050627553505027,0.7132182512331194,1788,276,False
" Prezado Rodrigo,  Segundo informado pela Diretoria de Gestão de Pessoas do IF Goiano, no momento, não há código de vaga desocupado para o cargo de Administrador.  Estamos a seu dispor.  Atenciosamente,  SIC IF Goiano ",c234,c5,0.04645747329867089,0.24074453630499543,0.7127979903963337,0.7127979903963337,218,34,False
" Em anexo os Manuais relativos a fiscalização de peso e dimensão, velocidade e equipamentos obrigatorios. Atenciosamente, SIC PRF ",c234,c5,0.13754163913213796,0.1570591512950638,0.7053992095727982,0.7053992095727982,130,18,False
 Segue anexo os documentos solicitados. ,c234,c5,0.06788151926585168,0.2273766122152148,0.7047418685189335,0.7047418685189335,40,5,False
 Segue anexo os documentos solicitados. ,c234,c5,0.06788151926585168,0.2273766122152148,0.7047418685189335,0.7047418685189335,40,5,False
" Prezado,   Infelizmente não poderemos disponibilizar as informações solicitadas pois exigirá trabalhos adicionais de análise, interpretação ou consolidação de dados e informações, conforme Art. 13 do Decreto nº 7724, de 16 de maio de 2012. ""DECRETO Nº 7.724, DE 16 DE MAIO DE 2012   Art. 13.  Não serão atendidos pedidos de acesso à informação:   I - genéricos,   II - desproporcionais ou desarrazoados, ou   III - que exijam trabalhos adicionais de análise, interpretação ou consolidação de dados e informações, ou serviço de produção ou tratamento de dados que não seja de competência do órgão ou entidade.""  Atenciosamente, Equipe E-Sic ",c234,c1,0.69986869196264,0.21278533583966228,0.08734597219769774,0.69986869196264,641,97,False
" Prezado Senhor Fernando,  Recebemos seu pedido de informação de nº 99923.000259/2016-81 e identificamos que não se trata de pedido de informação e sim de uma consulta. O Decreto 7.724 de 16 de maio de 2012, que regulamenta a Lei 12.527/2011 (Lei de Acesso à Informação), determina que o pedido de acesso à informação deva conter a especificação, de forma clara e precisa, da informação requerida.  Estaremos encaminhando este seu pedido para a Universidade Corporativa dos Correios que analisa e encaminha tais solicitações, mas solicitamos que também envie por email a sua solicitação a UniCorreios para tratar do assunto.  Universidade Corporativa dos Correios Chefe de Departamento Marcelo Carlos da Silva Telefone: (61) 3535 - 8792 Email: marcelocarlos@correios.com.br   Aline Branquinho Silva Telefone: (61) 3535  8665 Email:alinebsilva@correios.com.br ",c5,c1,0.6997516040262016,0.18647383860212904,0.11377455737166935,0.6997516040262016,862,125,False
" Prezada, bom dia.  Segue arquivo anexo em resposta ao seu pedido de informação. Havendo dúvida, favor consultar a PROPEX através do e-mail propex@ifs.edu.br ou do telefone (79) 3711-1437.  Atenciosamente,  Serviço de Informação ao Cidadão - SIC Instituto Federal de Sergipe - IFS ",c234,c5,0.08466303801629227,0.21784199177957086,0.6974949702041368,0.6974949702041368,281,42,False
" Prezado cidadão, bom dia! Em atenção ao pedido de informação protocolado por V.Sa., informamos que a resposta encaminhada pela Coordenação Geral de Logística Secretaria Executiva, encontra-se em anexo. Caso V.Sa. não esteja de acordo com a resposta, é possível interpor Recurso em 1ª Instância, no prazo de 10 dias a contar desta.  Lembramos ainda que a ferramenta do recurso não deve ser utilizada para especificar/reformular pedidos, pois nestas situações é necessário preencher novo formulário de solicitação. Atenciosamente, SIC/MDH ",c1,c5,0.10669398653264789,0.19682478719472865,0.6964812262726234,0.6964812262726234,538,78,False
" Prezada Senhora Cláudia Regina Heck,  Em atenção ao seu pedido de informação encaminhado a este SIC, obtivemos a seguinte resposta da Diretoria de Fomento e Inclusão (DFI), área responsável pelo CAR neste Serviço Florestal Brasileiro (SFB):    Destacamos que as informações publicadas nos Boletins Informativos do CAR, disponíveis no sítio eletrônico do Serviço Florestal Brasileiro  www.florestal.gov.br, são as informações que, por ora, o SFB consegue fornecer aos cidadãos, tendo em vista a limitação da sua infraestrutura computacional em gerar, tratar e analisar os dados existentes em nossa base de dados.    O SiCAR não possui recursos capazes de gerar essas informações de forma automática, de modo que, para atender a demanda, é necessária uma apuração especial no banco de dados do Sistema Nacional de Cadastro Ambiental Rural (SiCAR), envolvendo consultas lógicas específicas, extração, tratamento, compilação e análise dos dados existentes em sua base. Essas consultas tornam-se ainda mais onerosas tendo em vista o tamanho, a quantidade e a complexidade das informações armazenadas no banco de dados do Sistema, que pode ser considerado instrumento de caráter inovador.     O SFB, no entanto, reconhece a importância de que seja concedido aos cidadãos acesso aos dados produzidos no âmbito do CAR, e, por isso, vem somando esforços para disponibilizar, em breve, uma ferramenta que permita a consulta sobre os dados de evolução do CAR no país, estados e municípios pela internet.  Em função do exposto, e com base nas esferas de atuação/competência dos entes federativos previstas no Art. 29, § 1o , e Art. 14,  da Lei Federal nº 12.651/2012, e no Art. 42 da Instrução Normativa MMA nº 02/2014, solicitamos que as informações sobre o CAR nos municípios sejam obtidas junto aos Órgãos Estaduais de Meio Ambiente (OEMAs) responsáveis pelo Sistema de Cadastro Ambiental Rural  SICAR nos estados. Os OEMAs possuem informações mais atuais sobre o andamento do cadastro no estado e seus municípios, e estão em melhores condições de receber este tipo de demanda.  Por fim, quanto quanto ao item ""c) arrecadação do ITR por município no Estado de Mato Grosso, c) estimativa do ITR por propriedade (legislação que determina a forma de cobrança)"" cabe destacar que se trata de informações não cadastradas no SICAR.    Atenciosamente,  Equipe SICAR.      Caso ainda exista alguma dúvida, poderá ser feito contato junto ao Serviço Florestal Brasileiro, preferencialmente por meio do email: sicar@florestal.gov.br.    Atenciosamente,    Serviço Florestal Brasileiro  Ministério do Meio Ambiente ",c1,c234,0.21233168711431982,0.6959569130976281,0.09171139978805214,0.6959569130976281,2600,394,False
" Prezado Arthur   Segue, em anexo, resposta ao seu pedido. Informo que não temos na Instituição nenhum documento nominado Relatório Geral. Solicitamos clareza quanto ao documento solicitado para fins de devolutiva. Atenciosamente, Serviço de Infromação ao Cidadão ",c1,c5,0.11526259211591555,0.1887828966518368,0.6959545112322476,0.6959545112322476,264,36,False
" Prezada Senhora Rúbia,   Em referência à demanda apresentada, informamos que seguem anexos os contratos de concessão para exploração do serviço de transporte aéreo público regular firmados entre esta Agência e particulares.   Conforme solicitado, foram considerados apenas os contratos firmados com empresas que atuam no Brasil e estão aptas a operar.   Esclarecemos que constam na lista:   Contrato de Concessão da ABSA AEROLINHAS BRASILEIRAS S.A - Publicado em 23/04/2015 e válido até 23/04/2025.   Contrato de Concessão da AZUL LINHAS AéREAS BRASILEIRAS S.A  Publicado em 26/11/2008 e válido até 26/11/2018.   Contrato de Concessão da GOL LINHAS AéREAS S.A (EX  VRG LINHAS AéREAS SA) e seu respectivo Aditivo  Publicado em 11/12/2009 e válido até 11/12/2019   Contrato de Concessão da MAP TRANSPORTES AéREOS LTDA  Publicado em 17/08/2012 e válido até 17/08/2022.   Contrato de Concessão da MODERN TRANSPORTE AéREO DE CARGA S.A  Publicado em 02/06/2017 e válido até 02/06/2027.   Contrato de Concessão da OCEANAIR LINHAS AéREAS S.A (AVIANCA)  Publicado em 22/01/2018 e válido até 22/01/2028.   Contrato de Concessão da PASSAREDO TRANSPORTES AéREOS S.A (RECUPERAçãO JUDICIAL)  Publicado em 18/06/2010 e válido até 18/06/2020.   Contrato de Concessão da RIO LINHAS AéREAS S.A - Publicado em 11/08/2010 e válido até 11/08/2020.   Contrato de Concessão da SETE LINHAS AéREAS LTDA e seu respectivo Aditivo - Publicado em 10/12/2009 e válido até 10/12/2019.   Contrato de Concessão da TAM LINHAS AéREAS S.A - Publicado em 09/11/2011 e válido até 09/11/2021.   Contrato de Concessão da TOTAL LINHAS AéREAS S.A - Publicado em 28/02/2011 e válido até 28/02/2021.   Contrato de Concessão da TWO TáXI AéREO LTDA. - Publicado em 29/01/2018 e válido até 29/01/2028.   Eventuais dúvidas remanescentes a respeito do assunto poderão ser enviadas diretamente para o e-mail GTOS@ANAC.GOV.BR   Por fim, salientamos que manifestações relacionadas a esta demanda deverão ser encaminhadas em até 10 dias, sendo apreciadas em 1ª instância pelo chefe da unidade organizacional responsável e, em 2ª instância, pela autoridade máxima da Agência ou autoridade por ele designada.    Atenciosamente,   Agência Nacional de Aviação Civil   www.anac.gov.br ",c234,c5,0.10073221261616991,0.2071175881188199,0.6921501992650103,0.6921501992650103,2235,330,False
" Prezado senhor, em atendimento ao pedido de informação registrado com o NUP 00077.000253/2016-65, informamos que o identificamos como pedido duplicado, idêntico ao pedido 00077.001252/2016-11, o qual já foi respondido. Por fim, informamos que, de acordo com a Lei de Acesso à Informação (Lei nº 12.527/11) e com o Decreto nº 7.724/12, há a possibilidade de recurso no prazo de 10 (dez) dias, nas formas e condições estabelecidas pelo artigo 15 da Lei e 21 do Decreto. Com informações da Secretaria de Governo da Presidência da República. Atenciosamente, Serviço de Informações ao Cidadão do Palácio do Planalto - www.planalto.gov.br/acessoainformacao ",c5,c1,0.6907854519532435,0.2102721346964547,0.09894241335030171,0.6907854519532435,652,98,False
" Informamos que a Auditoria Interna do IFMG possui os seguintes cargos efetivos: Reitoria: 01 Contador, 03 Assistentes em Administração. Campus: 01 Auditor, 01 Contador, 01 Técnico em Contabilidade e 01 Assistente em Administração. (01 servidor em campus diferentes). Cargo de direção nível 03. ",c1,c5,0.08434365808639152,0.2249864564954012,0.6906698854182073,0.6906698854182073,295,43,False
" Prezado (a) Cidadão (ã),     1.Conforme solicitação através do E-SIC, site CGU, informamos que:     1.1. com base no decreto 7724/2012 artigo 12 ""O pedido de acesso à informação deverá conter: "" item III ""especificação, de forma clara e precisa, da informação requerida,"". Portanto, analisando vosso pedido tecemos as seguintes considerações: 1) tendo em vista o grande universo de contratos tramitados pela Caixa, não há razoabilidade de atendimento de vosso pedido pois não especificação de período e tipo de contrato, 2) Ainda neste mesmo decreto artigo 13: ""Não serão atendidos pedidos de acesso à informação: I - genéricos, II - desproporcionais ou desarrazoados, ou III - que exijam trabalhos adicionais de análise, interpretação ou consolidação de dados e informações, ou serviço de produção ou tratamento de dados que não seja de competência do órgão ou entidade. Parágrafo único. Na hipótese do inciso III do caput, o órgão ou entidade deverá, caso tenha conhecimento, indicar o local onde se encontram as informações a partir das quais o requerente poderá realizar a interpretação, consolidação ou tratamento de dados. 3) Todos os contratos da Caixa são públicos e podem ser solicitados para a Gestão Formal de Contrato Caixa através do e-mail:gilogbr17@caixa.gov.br.    1.2. Os contratos de Telesserviços/Telemarketing prestam atendimentos aos diversos produtos e serviços da CAIXA, por meio das Centralizados de Atendimento, executados em Brasília, Fortaleza, Rio de Janeiro, Salvador e São Paulo, com abrangências Nacional, sendo as ligações recebidas em fila única e distribuídas aleatoriamente não tendo como identificar, no momento da chamada, a Centralizadora que prestará o atendimento. 1.1 Esclarecemos que na prestação de serviço de atendimento é estabelecido o cumprimento de níveis de serviços e não posto de atendimento, razão pela qual a CAIXA não controla a quantidade funcionários terceirizados, sendo a gestão dos níveis de serviços e da qualidade do atendimento é realizada por meio de ferramentas e/ou procedimentos específicos de telemarketing, tais como, Central Telefônica Inteligente (CTI), Unidade de Resposta audível (URA), auditorias/escutas de atendimentos (Monitorias).    2. Por fim, agradecemos o contato e esclarecemos que a CAIXA, na página www.caixa.gov.br/acessoainformacao, disponibiliza as informações corporativas em atendimento à Lei 12.527/2011.     3. Informamos que a CAIXA mantém SAC para informações, reclamações, cancelamentos, sugestões, serviços e elogios, com atendimento 24 horas por dia 07 dias por semana, pelo DDG 0800 726 0101 e para reclamações não solucionadas no SAC ou denúncias, a CAIXA mantém canal de Ouvidoria com atendimento de segunda a sexta-feira, das 08 às 18 horas, pelo DDG 0800 725 7474.    4. A CAIXA coloca-se à disposição através de seus canais de atendimento.     Atenciosamente,    CAIXA - Serviço de Informações ao Cidadão ",c234,c1,0.690104239456445,0.2325835736391049,0.0773121869044501,0.690104239456445,2908,429,False
" Prezado cidadão, bom dia!        Em anexo o Memorando nº 24/2017 RPBCGADFIN com as informações pertinentes.      Esperamos tê-lo atendido da melhor forma.      Estamos à disposição.       Cordialmente,            Gestora do SIC ",c234,c5,0.13152079871487216,0.17936721062536465,0.6891119906597633,0.6891119906597633,229,28,False
 Prezado Leonardo    Os dados que temos estão contidos em nosso banco de dados SIDRA. Peço que realize sua pesquisa através do link:  http://www2.sidra.ibge.gov.br/bda/territorio/tabunitsub.asp?codunit=4229&nsub=102&z=t&o=4&i=P    Atenciosamente  Equipe de Atendimento ,c234,c1,0.6866622718415999,0.20534187976258242,0.10799584839581769,0.6866622718415999,269,27,False
" A Coordenadoria Pedagógica Licenciatura em EPCT esclarece que no momento não há previsão de oferta deste curso. Cordialmente,  SIC/IFCE ",c1,c5,0.11892702521661241,0.19530507862142044,0.6857678961619672,0.6857678961619672,137,19,False
" Prezada Senhora,  Os documentos solicitados foram anexados no e-SIC.  Conforme prevê o artigo 15 da Lei 12.527, de 2011, no caso de indeferimento de acesso à informação ou às razões da negativa do acesso, poderá o interessado registrar recurso contra a decisão no prazo de 10 (dez) dias perante o Chefe do Departamento de Atendimento Institucional.   Atenciosamente,  Departamento de Atendimento Institucional (Deati)  Divisão de Atendimento ao Cidadão (Diate) Tel: 145 www.bcb.gov.br/acessoinformacao/faleconosco ",c234,c5,0.1343050649443925,0.18289051640489698,0.6828044186507105,0.6828044186507105,515,71,False
" NO TOCANTE AOS QUESTIONAMENTOS TEMOS AS SEGUINTES CONSIDERAÇÕES:  1 - QUANTOS SERVIDORES NO CARGO DE CONTADOR NO PERÍODO DE 01.01.2016 A 06.08.2017 FORAM PROMOVIDOS, APROVEITADOS, NOMEADOS, REVERTIDOS, READAPTADOS, REINTEGRADOS, RECONDUZIDOS E APOSENTADOS. NÃO HÁ 2 - QUANTAS VAGAS EXISTEM PARA O CARGO DE CONTADOR? 01 3 - QUANTOS APOSENTADOS AINDA ESTÃO EM ATIVIDADE ATÉ A DATA DE 06.08.2017? NÃO HÁ 4 - QUANTOS JÁ SOLICITARAM APOSENTADORIA E AINDA ESTÁ EM TRAMITAÇÃO? NÃO HÁ 5 - QUANTOS ESTÃO CEDIDOS PARA OUTROS ÓRGÃOS DO GOVERNO E SUAS RESPECTIVAS LOTAÇÕES. NÃO HÁ 6 - QUANTOS ESTÃO DESEMPENHANDO OUTRAS FUNÇÕES, QUAIS E ONDE? NÃO HÁ  O CONTADOR QUE EXISTIA NA UNIDADE FOI REMOVIDA PARA A PARAÍBA. ",c1,c5,0.1321409052804803,0.18775695296158015,0.6801021417579396,0.6801021417579396,703,112,False
" Prezado(a),    O Serviço de Informações ao Cidadão (SIC) da Agência Nacional de Energia Elétrica - ANEEL agradece o seu contato e, em atenção à sua solicitação, informamos que a cópia solicitada encontra-se em anexo.  Identificamos que não há qualquer informação neste processo.    Atenciosamente,  Superintendência de Regulação dos Serviços de Geração  SRG/ANEEL. ",c1,c5,0.10684742568726475,0.21371945191800826,0.6794331223947271,0.6794331223947271,367,52,False
 Boa tarde.  A resposta para sua solicitação segue conforme anexo.  Estamos à disposição para quaisquer dúvidas que possivelmente venham a surgir.  Att.  SIC IFPB ,c234,c5,0.15606046187039213,0.1649999885155522,0.6789395496140557,0.6789395496140557,163,24,False
" Prezado Alexandre,   Esclarecemos que a Tabela de Áreas não possui objetivos outros senão os de que A classificação das Áreas do Conhecimento tem finalidade eminentemente prática, objetivando proporcionar às Instituições de ensino, pesquisa e inovação uma maneira ágil e funcional de sistematizar e prestar informações concernentes a projetos de pesquisa e recursos humanos aos órgãos gestores da área de ciência e tecnologia (http://www.capes.gov.br/avaliacao/instrumentos-de-apoio/tabela-de-areas-do-conhecimento-avaliacao), sendo pertinente à qualquer autoridade a autonomia de utilizá-la de forma livre, de acordo com suas prerrogativas institucionais. Não cabe à Capes realizar esse tipo de classificação ou usurpar tal competência de instituições e entidades, de acordo com suas próprias motivações e situações concretas (edital de concurso público, etc).    Atenciosamente, SIC/Capes  Em até 10 dias é possível impetrar recurso para análise da diretora de Avaliação da CAPES ",c1,c234,0.1333311657835415,0.6779769733666979,0.18869186084976042,0.6779769733666979,985,130,False
" Prezada Sra.,  Informamos que temos 04 (quatro) códigos de vaga desocupados para o cargo de Auxiliar em Administração, contudo, informamos que há concurso público vigente na UFPE para esse cargo.   Salientamos que as vagas disponíveis são dos 03 (três) campi: Recife, Caruaru e Vitória.   Nos termos do art. 21 do Decreto n° 7.724, V.Sa. poderá apresentar recurso à autoridade hierarquicamente superior à que adotou a decisão, no prazo de 10 (dez) dias, contado da ciência da decisão. Nesse caso, deve-se clicar no botão correspondente, no sistema e-SIC, e apresentar as razões do recurso.  Att. Diretoria de Desenvolvimento de Pessoal Pró-Reitoria de Gestão de Pessoas e Qualidade de Vida - PROGEPE ",c234,c5,0.033422932385007216,0.2890467509230074,0.6775303166919854,0.6775303166919854,701,110,False
" Ilmo. Sr.  Em atendimento a vossa solicitação estamos encaminhando resposta em anexo. Atennciosamente, Equipe e-SIC/PRF ",c1,c5,0.1799591449098706,0.14273273932912112,0.6773081157610082,0.6773081157610082,121,15,False
" Prezado Hugo  Conforme solicitação através do sistema e-SIC da CGU à UFRPE, segue em anexo os documentos.  Atenciosamente  Serviço de Informação ao Cidadão - SIC Universidade Federal Rural de Pernambuco - UFRPE ",c234,c5,0.13042779108822447,0.19228559950450708,0.6772866094072684,0.6772866094072684,212,32,False
" Prezado(a) Senhor(a). Segue anexa planilha contendo informações de vacâncias por estado, gerência-executiva, cargo, motivo e ano (de janeiro de 2011 a setembro de 2016) e abono de permanência (acumulado até setembro de 2016) das unidades deste Instituto. O Edital vigente (Edital nº 01/2015) prevê a convocação de 800 Técnicos do Seguro Social e 150 Analistas do Seguro Social com formação em Serviço Social, conforme quantitativo de vagas autorizadas por meio da Portaria nº 251, do Ministério do Planejamento, Orçamento e Gestão,  publicada no DOU de 29 de junho de 2015. Cumpre esclarecer que o ingresso dos candidatos homologados como excedentes só poderá ser realizado por meio de vacâncias referentes às nomeações do próprio edital do concurso. Isso porque,  considerar vagas oriundas de aposentadorias, outras vacâncias e exonerações ultrapassariam o quantitativo de vagas autorizadas. Dessa forma, convocações acima do número de vagas do edital dependem de nova autorização do Ministério do Planejamento, Desenvolvimento e Gestão. Atenciosamente, Serviço de Acesso a Informação  SIC INSS ",c1,c234,0.08967626047185322,0.6771799479227696,0.23314379160537727,0.6771799479227696,1098,163,False
" Prezado Samuel.  Seguem anexas planilhas contendo informações de abono de permanência (acumulado até setembro de 2016,das unidades deste Instituto), lotação de servidores (por Gerência-Executiva) e mensuração da lotação ideal atualmente vigente (anexo da Resolução nº 504/PRES/INSS de 22 de outubro de 2015). Lembramos que a resposta está embasada no artigo 13, inciso III, do Decreto nº 7.724/12, que regulamenta a Lei de Acesso à Informação.  O Edital vigente (Edital Nº 01/2015) prevê a convocação de 800 Técnicos do Seguro Social e 150 Analistas do Seguro Social com formação em Serviço Social, conforme quantitativo de vagas autorizadas por meio da Portaria Nº 251, do Ministério do Planejamento, Orçamento e Gestão, publicada no DOU Nº 136  Seção 1, de 29 de junho de 2015.  Cumpre esclarecer que o ingresso dos candidatos homologados como excedentes só poderá ser realizado por meio de vacâncias referentes às nomeações do próprio edital do concurso.  Convocações acima do número de vagas do edital dependem de nova autorização do Ministério do Planejamento, Desenvolvimento e Gestão.  Atenciosamente, Serviço de Informações ao Cidadão  INSS ",c5,c234,0.1406848447146779,0.6760325453945415,0.18328260989078068,0.6760325453945415,1152,176,False
" Em atenção ao seu Pedido de Acesso à Informação, informamos que não constam da série histórica de análises da Auditoria Interna da Empresa Brasil de Comunicação - EBC, iniciada em 2009, apontamentos sobre ""funcionários fantasmas"".  Atenciosamente, Auditoria Interna  -------------------------------- Nos termos do Art. 21 do Decreto nº 7.724/2012, Vossa Senhoria poderá apresentar recurso, por meio do e-SIC, no prazo de 10 (dez) dias, contado da ciência dessa decisão, à autoridade hierarquicamente superior à que adotou a decisão, que deverá apreciá-lo no prazo de cinco dias, contado da sua apresentação.  Serviço de Informação ao Cidadão - SIC/EBC (61)3799-5241 ",c1,c5,0.14709872123418272,0.1778949842974268,0.6750062944683903,0.6750062944683903,667,97,False
" Senhor Solicitante,  Em resposta ao seu pedido de acesso, de acordo com a Pró-Reitoria de Gestão de Pessoas, PROGEP/UFVJM, informamos que: ""A UFVJM possui alguns códigos de vaga para Técnico de Laboratório, no entanto, não temos previsão de provimento para a área de química.""  Esperando ter atendido sua solicitação, agradecemos seu contato e nos colocamos a disposição para sanar possíveis dúvidas.  Atenciosamente,  Cláudia Aparecida Fonseca Gestora do Serviço de Informação ao Cidadão - SIC Universidade Federal dos Vales do Jequitinhonha e Mucuri  UFVJM ",c234,c5,0.10160559255816776,0.22434602988444874,0.6740483775573836,0.6740483775573836,561,84,False
" Prezada Senhora,   Informamos que seu requerimento foi encaminhado para a Ouvidoria-Geral do Ministério da Fazenda por ser o canal adequado para tratar as demandas que não se enquadram na Lei de Acesso à Informação, conforme art. 4º da Lei 12.527/2011.   A Ouvidoria é responsável por receber solicitações de informação, reclamações, sugestões, denúncias e elogios relacionados aos serviços prestados pelos órgãos fazendários.   Para consultar a mensagem, acesse o endereço eletrônico:    http://portal.ouvidoria.fazenda.gov.br/   Opção: ""Consulte sua mensagem"".    Para a sua segurança, solicitamos informar o número da mensagem e a senha.   Número da mensagem: 1036849  Senha: 50385926B     O prazo para atendimento da demanda na Ouvidoria é de até 20 dias, podendo ser prorrogada por mais 10 dias, conforme estabelecido na IN OGU/CGU nº 01, de 5 de novembro de 2014.   Agradecemos a participação, Serviço de Informação ao Cidadão   Ministério da Fazenda ",c234,c1,0.6714395173510708,0.18967374923197372,0.13888673341695545,0.6714395173510708,958,137,False
" Esclarecemos que segundo o Decreto nº 7724/2012 que regulamenta a Lei de Acesso a Informação no art. 13 prevê que não serão atendidos  pedidos de acesso à informação :  I - genéricos, II - desproporcionais ou desarrazoados, ou III - que exijam trabalhos adicionais de análise, interpretação ou consolidação de dados e informações, ou serviço de produção ou tratamento de dados que não seja de competência do órgão ou entidade.   Tendo em vista que a presente solicitação se enquadra no inciso II do referido decreto, informamos da impossibilidade de atendimento.  Esclarecendo que seu pedido de nº 00083.000377/2016-61, ainda se encontra em análise com data de vencimento para o  dia 05/01/2017.  Atenciosamente, SIC_SDH ",c234,c1,0.671036273724423,0.21047939715271707,0.11848432912286007,0.671036273724423,722,112,False
" Prezado Senhor Vasconcelos,    Agradecemos pelo contato e informamos em nosso site: www.ibge.gov.br os links abaixo que servirão à sua demanda.    http://www2.sidra.ibge.gov.br/bda/tabela/listabl.asp?z=t&c=202    http://www.ibge.gov.br/home/estatistica/populacao/estimativa2016/default.shtm    Atenciosamente,  Equipe de Atendimento ",c234,c1,0.6697797140602453,0.19164588211516184,0.138574403824593,0.6697797140602453,334,26,False
" Prezado(a) Sr(a). Adriano,   Em atenção ao seu pedido de informação, ressaltamos que o Banco do Brasil não tem competência para se manifestar sobre o assunto.  Atenciosamente,  Serviço de Informação ao Cidadão do Banco do Brasil  SICBB ",c234,c1,0.6695915170246605,0.23618427571521852,0.09422420726012103,0.6695915170246605,238,37,False
" Caro solicitante, A Assistência da Pró-reitoria de Gestão de Pessoas informa que, de acordo com o Decreto n&deg, 7232, de 19/07/2010, art 4&deg, § 1&deg,, está divulgado no site do IFCE, no link http://ifce.edu.br/progep/admissao-de-servidores#section-3, a relação discriminada de cargos ocupados e vagos dos servidores do IFCE. Esclarecemos que a relação divulgada contém os quantitativos de cargos (vagos e ocupados) de nosso quadro. A escolha da subárea docente acontece dependendo da necessidade dos campi, antes do processo de remoção interna, não sendo possível informar as subáreas dos cargos vagos uma vez que ainda não ocorreram novas liberações de cargos para os campi. Por oportuno, informamos que o IFCE instituiu uma Central de Atendimentos para agilizar a prestação dos serviços aos cidadãos. Acesse http://ifce.edu.br/centraldeatendimento. Cordialmente, SIC/IFCE ",c234,c5,0.15290617426344735,0.1778864696858908,0.6692073560506618,0.6692073560506618,879,124,False
" Senhor, informamos que até o presente momento não há previsão de realização de concurso público para Técnico-Administrativo.   Atenciosamente,   equipe e-sic Port.0748/2016-IFPA ",c1,c5,0.0629416437361678,0.26842589892375945,0.6686324573400727,0.6686324573400727,179,21,False
" Prezado (a) Inês,   Antes de tudo, o Instituto Federal do Maranhão agradece o contato.   Recebemos seu pedido de informação de nº23480023858201749. Em atendimento à solicitação em referência, seguem as informações prestadas pela Pró-Reitora de Ensino:   - Encaminhamos, em anexo, os Planos de Cursos dos Campi Imperatriz e Caxias.  Considerando que o sistema, e-SIC, não comporta o tamanho do arquivo. Encanhamos o anexo mencionado para seu e-mail cadastrado no referido nesse sistema.   Atenciosamente,     Ouvidoria Institucional do IFMA ",c1,c5,0.09726011373453682,0.23482707639717404,0.6679128098682892,0.6679128098682892,541,76,False
" Caro Requerente, Em resposta ao seu pedido de informações, segue anexo contendo a Mensagem Eletrônica n.º 084/2018-SIC/DGP/PF   Atenciosamente, Evelyn de Andrade Viana Campos Equipe de Atendimento E-SIC/DGP/PF ",c1,c5,0.12065205078957413,0.2127458466406615,0.6666021025697643,0.6666021025697643,211,27,False
" Boa tarde! Em anexo os documentos solicitados. Atenciosamente, SIC PRF ",c1,c5,0.09708232492192548,0.2369255792740804,0.6659920958039941,0.6659920958039941,72,10,False
" Prezado(a) Senhor(a),  Esclarecemos que o Serviço de Informação ao Cidadão (SIC) não trata de sugestão, elogio, solicitação, reclamação e denúncia relacionados a objetos postados no Brasil ou no exterior. Assim, para verificar a posição de encomendas registradas, a Empresa disponibiliza na internet o Sistema de Rastreamento de Objetos dos Correios, que pode ser consultado por meio do endereço http://www2.correios.com.br/sistemas/rastreamento/default.cfm.  No caso de dúvidas sobre os procedimentos relacionados à entrega de objeto adquirido no exterior, orientamos consultar o item ""7. Encomendas Internacionais"", na página dos Correios: http://www.correios.com.br/sobre-os-correios/acesso-a-informacao/perguntas-frequentes. Pelo exposto, seguem os canais apropriados para atendimento de sua manifestação: Fale Conosco  registro via internet de reclamações, críticas, sugestões, dúvidas e elogios - http://www2.correios.com.br/sistemas/falecomoscorreios Central de Atendimento dos Correios Segunda à sexta-feira: das 08h às 20h. Sábado: 08h às 14h. Domingos e feriados: não há atendimento. Informações sobre Produtos e Serviços: 3003 0100 (Capitais e regiões metropolitanas), 0800 725 7282 (demais localidades), 0800 725 0898 (exclusivo para portadores de deficiência auditiva), 3003 1383 (Informações Banco Postal). Reclamações, críticas, sugestões, dúvidas, elogios e denúncias: 0800 725 0100. Caso a resposta não seja satisfatória, a Ouvidoria da Empresa poderá ser acionada, bastando acessar http://www.correios.com.br/ouvidoria e preencher o formulário correspondente. Ao registrar sua manifestação é preciso informar o protocolo fornecido pelo(a) atendente da Central de Atendimento dos Correios (CAC) ou pelo sistema da internet.  Atenciosamente, Serviço de Informação ao Cidadão Empresa Brasileira de Correios e Telégrafos Conforme previsto no art. 21 do Decreto nº 7.724/2012, que regulamenta Lei nº 12.527/2011, eventuais recursos interpostos pelo cidadão no prazo de até 10 dias  contados da ciência da decisão  serão dirigidos ao Vice-Presidente de Operações. ",c234,c1,0.6656971018144424,0.2339431344286265,0.10035976375693105,0.6656971018144424,2080,269,False
" Prezado(a) Senhor(a),   Esclarecemos que o Serviço de Informação ao Cidadão (SIC) não trata de sugestão, elogio, solicitação, reclamação e denúncia relacionados a objetos postados no Brasil ou no exterior.   Assim, para verificar a posição de encomendas registradas, a Empresa disponibiliza na internet o Sistema de Rastreamento de Objetos dos Correios, que pode ser consultado por meio do endereço http://www2.correios.com.br/sistemas/rastreamento/default.cfm.    No caso de dúvidas sobre os procedimentos relacionados à entrega de objeto adquirido no exterior, orientamos consultar o item ""7. Encomendas Internacionais"", na página dos Correios: http://www.correios.com.br/sobre-os-correios/acesso-a-informacao/perguntas-frequentes.   Pelo exposto, seguem os canais apropriados para atendimento de sua manifestação:   Fale Conosco  registro via internet de reclamações, críticas, sugestões, dúvidas e elogios - http://www2.correios.com.br/sistemas/falecomoscorreios   Central de Atendimento dos Correios Segunda à sexta-feira: das 08h às 20h. Sábado: 08h às 14h. Domingos e feriados: não há atendimento.   Informações sobre Produtos e Serviços: 3003 0100 (Capitais e regiões metropolitanas), 0800 725 7282 (demais localidades), 0800 725 0898 (exclusivo para portadores de deficiência auditiva), 3003 1383 (Informações Banco Postal).   Reclamações, críticas, sugestões, dúvidas, elogios e denúncias: 0800 725 0100.     Caso a resposta não seja satisfatória, a Ouvidoria da Empresa poderá ser acionada, bastando acessar http://www.correios.com.br/ouvidoria e preencher o formulário correspondente. Ao registrar sua manifestação é preciso informar o protocolo fornecido pelo(a) atendente da Central de Atendimento dos Correios (CAC) ou pelo sistema da internet.     Atenciosamente,   Serviço de Informação ao Cidadão Empresa Brasileira de Correios e Telégrafos   Conforme previsto no art. 21 do Decreto nº 7.724/2012, que regulamenta Lei nº 12.527/2011, eventuais recursos interpostos pelo cidadão no prazo de até 10 dias  contados da ciência da decisão  serão dirigidos ao Vice-Presidente de Operações. ",c234,c1,0.6656971018144424,0.2339431344286265,0.10035976375693105,0.6656971018144424,2106,269,False
" Prezado Senhor Marcelo, segue resposta ao seu pedido de acesso à informação:  1. Para o cargo efetivo de enfermeiro, foram disponibilizadas 155 (cento e cinquenta e cinco) vagas no concurso público, objeto do edital de abertura n. 001/2013, dos quais foram convocados 248 (duzentos e quarenta e oito) candidatos e efetivamente contratados 171 (cento e setenta e um) empregados.   2. Atualmente, o concurso possui cadastro de reserva com 681 (seiscentos e oitenta e um) candidatos aprovados e, até o momento, não há previsão de novas convocações para o cargo de Enfermeiro.  O Serviço de Informação ao Cidadão do HUB-UnB agradece seu contato! ",c234,c5,0.0852456449032075,0.24909269632564277,0.6656616587711497,0.6656616587711497,643,102,False
" Prezado(a) senhor(a),   Este é um canal para o requerimento de informações públicas nos termos da Lei nº 12.527/2011.  Sobre o assunto, deve ser observado o disposto na RESOLUçãO CNSP No 202/2008, acessível em www.susep.gov.br, no link ""Atos Normativos"". Requerimento que tenha por objetivo a obtenção de manifestação técnica e/ou jurídica acerca de dispositivos de legislação e normas que regem os mercados de seguro, de resseguro, de capitalização e de previdência complementar aberta deve ser formulado nos termos da Deliberação SUSEP nº 183/2016, acessível em www.susep.gov.br, no link ""Atos Normativos"".   Atenciosamente, Serviço de Informação ao Cidadão  SIC Susep ",c234,c1,0.6648185481335765,0.24489398962449924,0.09028746224192426,0.6648185481335765,673,98,False
" Prezado Senhor, Informamos que seu requerimento foi encaminhado para a Ouvidoria-Geral do Ministério da Fazenda por ser o canal adequado para tratar as demandas que não se enquadram na Lei de Acesso à Informação, conforme art. 4º da Lei 12.527/2011.   A Ouvidoria é responsável por receber solicitações de informação, reclamações, sugestões, denúncias e elogios relacionados aos serviços prestados pelos órgãos fazendários.   Para consultar a mensagem, acesse o endereço eletrônico:    http://portal.ouvidoria.fazenda.gov.br/   Opção: ""Consulte sua mensagem"".    Para a sua segurança, solicitamos informar o número da mensagem e a senha.   Número da mensagem: 1050669  Senha: 7082A4830   O prazo para atendimento da demanda na Ouvidoria é de até 20 dias, podendo ser prorrogada por mais 10 dias, conforme estabelecido na IN OGU/CGU nº 01, de 5 de novembro de 2014.   Agradecemos a participação, Serviço de Informação ao Cidadão Ministério da Fazenda ",c234,c1,0.6647852682515762,0.20082761649176717,0.13438711525665661,0.6647852682515762,951,137,False
" A Assistência da Pró-reitoria de Gestão de Pessoas informa que de acordo com o Decreto n&deg, 7232, de 19/07/2010, art 4&deg, § 1&deg, está divulgado no site do IFCE, no link http://ifce.edu.br/progep/admissao-de-servidores#section-3, a relação discriminada de cargos ocupados e vagos dos servidores do IFCE. Salientamos que um dos cargos já está em processo de efetivação da redistribuição e um outro ainda não foi ofertado em processo de remoção, não sendo possível o provimento por redistribuição. Cordialmente,  SIC/IFCE ",c1,c5,0.16827208757047374,0.16812466120429082,0.6636032512252354,0.6636032512252354,526,77,False
" Prezado,   O SIC-AN não é o canal para atendimento de sua solicitação.  No entanto, a documentação pretendida poderá estar sob a custódia do Arquivo Nacional.    Esclarecemos que conforme disposto na Lei de acesso a informação (LEI Nº 12.527, de 18 de novembro de 2011) e como consta no portal do Arquivo Nacional, as consultas via SIC-AN destinam-se a atender as solicitações de informações sobre o acervo produzido pela própria instituição (neste caso, pelo Arquivo Nacional) no decorrer de suas atividades de 1985 até o presente.   O SIC-AN também é responsável por atender as solicitações a respeito do Conselho Nacional de Arquivos (CONARQ) a partir de 1994.   Para maiores informações sobre outros canais de contato, acesse: http://www.arquivonacional.gov.br/br/contato.html.  Como poderá ser verificado em nosso site dispomos de duas modalidades de atendimentos, presencial e a distância.  Optando pela primeira alternativa nossos técnicos poderão auxiliar em suas buscas em nossa Sala de Consultas. Mas, não havendo possibilidade de fazê-lo sua solicitação pode ser feita através do site  http://consulta.an.gov.br.   Diante do exposto, torcemos para que suas buscas sejam bem sucedidas e continuamos ao inteiro dispor.     Atenciosamente, ",c234,c1,0.6630430144578561,0.19767369850197167,0.13928328704017223,0.6630430144578561,1249,181,False
" Em resposta à solicitação enviada ao SIC do Inmetro, consultamos a Diretoria de Administração e Finanças (Diraf), que informou o seguinte: ""Em atendimento ao SIC n. 52750000288/2018-71, informamos que o processo n. 0052600.104072/2017-16  está em nível de acesso público no SEI. Atenciosamente, MARCELO FERREIRA Diretoria de Administração e Finanças"" Atenciosamente, SIC  Inmetro  Rua Santa Alexandrina, 416  Térreo Rio Comprido  Rio de Janeiro  RJ CEP: 20261-232 www.inmetro.gov.br ",c234,c5,0.13280676170446815,0.2043437027376526,0.6628495355578792,0.6628495355578792,488,70,False
" Prezado Senhor, Orienta-se que entre em contato diretamente com o setor do DNIT responsável por multas por meio dos telefones: 0800611535, (61) 3315-8080, (61) 3315-8239 e (61) 3315-4559 de 7h30 às 19h ou por e-mail: multas@dnit.gov.br       Atenciosamente e à disposição, Regina Ribeiro SIC/DNIT ",c1,c234,0.14958449016592004,0.6609637891206989,0.1894517207133811,0.6609637891206989,298,43,False
" Prezado Senhor, Orienta-se que entre em contato diretamente com o setor do DNIT responsável por multas por meio dos telefones: 0800611535, (61) 3315-8080, (61) 3315-8239 e (61) 3315-4559 de 7h30 às 19h ou por e-mail: multas@dnit.gov.br       Atenciosamente e à disposição, Regina Ribeiro SIC/DNIT ",c1,c234,0.14958449016592004,0.6609637891206989,0.1894517207133811,0.6609637891206989,298,43,False
" Prezado Senhor José, Informa-se que o assunto citado não é de competência desta Autarquia. Orienta-se que procure o Governo do Estado de Sergipe.  Atenciosamente,  Mary Rose de Oliveira SIC/DNIT ",c234,c1,0.6601421616607076,0.20010680128630204,0.1397510370529904,0.6601421616607076,196,29,False
" Prezada Solicitante, Para que sejam atendidos os pedidos de informação que envolvam o antigo Centro de Seleção e de Promoção de Eventos (CESPE) bem como o atual Centro Brasileiro de Pesquisa em Avaliação e Seleção e de Promoção de Eventos (Cebraspe), favor entrar em contato diretamente com os canais abaixo:   Tel. (61) 3448-0100   SAC: sac@cebraspe.org.br A UnB esclarece que a Fundação Universidade de Brasília (FUB) juntamente com o Ministério da Educação (MEC) e o Instituto Nacional de Estudos e Pesquisas Educacionais (INEP), finalizou o processo de qualificação de pessoa jurídica de direito privado, sem fins lucrativos, estritamente nos moldes preconizados pela Lei 9.637/98, que dispõe sobre a qualificação de entidades como organizações sociais. Nesse ponto, esclarece-se que a nova Organização Social já se encontra constituída sob aquela denominação, Cebraspe, possui CNPJ e Estatuto Social e já foi qualificada como OS nos termos legais acima descritos tendo sido formalizada com o Decreto n. 8.078, de 19 de agosto de 2013. Para mais informações sobre esse processo, acesse o seguinte sítio eletrônico: http://www.cespe.unb.br/Cebraspe/. Informa-se, portanto, que apesar de o Cebraspe funcionar no mesmo local em que funciona o antigo CESPE/UnB e utilizar todos os seus bens móveis, acervo técnico, incluídos seus atestados de capacidade técnica, os sistemas tecnológicos por ele desenvolvidos, os seus domínios de internet, os direitos autorais referentes a provas elaboradas e seus arquivos com cadastro de colaboradores e de candidatos, é pessoa jurídica distinta da Fundação Universidade de Brasília. Diante do exposto, reitera-se a orientação de que as demandas sejam encaminhadas ao Cebraspe através dos canais constantes acima.   Atenciosamente, Serviço de Informação ao Cidadão - SIC/UnB Campus Universitário Darcy Ribeiro Prédio da Biblioteca Central, 1º Pavimento, sala A1 - 09/41 CEP.: 70910 900 Brasília DF Brasil Telefone: (61) 3107-2710 ",c5,c1,0.6597315097576385,0.17191031932757903,0.16835817091478245,0.6597315097576385,1968,290,False
" Prezada, Segue anexo a resposta encaminhada pela Diretoria de Gestão de Pessoas em resposta à demanda registrada por Vossa Senhoria. Atenciosamente, ElzileneBarbosa Rodrigues Membro da equipe da ouvidoria ",c234,c5,0.13223679988323475,0.2080939903660136,0.6596692097507517,0.6596692097507517,206,28,False
" Prezado(a) Senhor(a),       A Advocacia-Geral da União (AGU) agradece o envio da sua mensagem.   A Lei de Acesso à Informação (Lei nº 12.527/2011) regula o direito de acesso a informações previsto na Constituição Federal de 1988 e dispõe sobre o acesso às informações produzidas pelos órgãos e entidades públicas.    Assim, o objetivo da lei é o acesso às informações já produzidas pelo órgão, que estão em documentos, arquivos, estatísticas.     O Decreto n 7724/2012, Art 13, inciso II diz:       Art. 13.  Não serão atendidos pedidos de acesso à informação:   I - genéricos,   II - desproporcionais ou desarrazoados, ou   III - que exijam trabalhos adicionais de análise, interpretação ou consolidação de dados e informações, ou serviço de produção ou tratamento de dados que não seja de competência do órgão ou entidade.    Sendo o que havia para o momento, colocamo-nos ao seu dispor para apresentação de futuras demandas.   Atenciosamente,   Serviço de Informações ao Cidadão   Advocacia-Geral da União ",c5,c1,0.6595694529804331,0.23012424775663518,0.11030629926293171,0.6595694529804331,1010,153,False
" Prezado Cidadão,  Em atenção à sua demanda, informamos que a Lei nº 12.527/2011 (Lei de Acesso à Informação - LAI) é o canal para solicitações de dados, processados ou não, que podem ser utilizados para produção e transmissão de conhecimento, não abarcando, no entanto, casos de denúncia, reclamações, elogios, consultas sobre aplicação de legislação, nem análise de situações hipotéticas. Nesse sentido, o Serviço de Informação ao Cidadão (SIC) não é o canal adequado para o recebimento desta demanda, motivo pelo qual seu pedido não será atendido. Saiba mais em: http://www.acessoainformacao.gov.br/central-de-conteudo/infograficos/arquivos/entenda-a-lai/grafico1EntendaaLai.jpg/image_view_fullscreen  Atenciosamente,  Serviço de Informação ao Cidadão - SIC/MSP ",c234,c1,0.6593359378355574,0.16341492047479264,0.1772491416896498,0.6593359378355574,765,98,False
" Prezado(a) senhor(a),  Este é um canal para o requerimento de informações públicas nos termos da Lei nº 12.527/2011.  Requerimento que tenha por objetivo a obtenção de manifestação técnica e/ou jurídica acerca de dispositivos de legislação e normas que regem os mercados de seguro, de resseguro, de capitalização e de previdência complementar aberta deve ser formulado nos termos da Deliberação SUSEP nº 156/2013, acessível em www.susep.gov.br, no link Atos Normativos.   A resposta aos seus questionamentos depende de análise do caso concreto à luz das normas vigentes e, portanto, é caracterizada como uma consulta nos termos da Deliberação supracitada e não como um pedido de informação pública, contemplado pela Lei nº 12.527/2011.  Ressaltamos que a SUSEP não responde a consultas formuladas em tese.  Atenciosamente, Serviço de Informação ao Cidadão  SIC Susep ",c234,c1,0.6588462614541569,0.2095116974483231,0.13164204109752,0.6588462614541569,871,130,False
" Prezada Senhora,   Segue arquivo anexo e explicações do arquivo abaixo conforme informações da Divisão de Gerenciamento da Informação:   Esclarecemos que para o ramo de atividade bancários não apareceu nenhum benefício concedido no ano de 2016 e 2017, como esses benefícios.  Essa espécies de benefício são tratados no SABI onde não é obrigatório inserir o ramo de atividade.   Estamos encaminhando planilha com abas separadas para os anos 2016 E 2017.   Atenciosamente, Serviço de Informações ao Cidadão  INSS ",c1,c5,0.13364147923254646,0.20818910908435836,0.6581694116830952,0.6581694116830952,513,77,False
" Prezado Senhor,  O Serviço de Informações ao Cidadão (SIC) da Agência Nacional de Energia Elétrica  ANEEL agradece o seu contato e informa que os arquivos compactados serão disponibilizados no seguinte endereço de FTP:  Endereço: ftp://ftp.aneel.gov.br/srd/lai/lai-48700-004813-2016-83 Nome do usuário: 06038076743 Senha: 62156854  Pedimos atentar ao uso de letras minúsculas no login. Além disso, recomendamos o uso de programas FTP específicos, tais como WSFTP, FileZilla, dentre outros. Recomenda-se que o acesso não seja feito por meio de navegadores de Internet (Edge, IExplorer, Chrome, Firefox, dentre outros). Historicamente, os navegadores aumentam a probabilidade de bloqueio das senhas de acesso.  Por fim, informamos que, conforme disposto no § Único do art. 15 da Lei nº 12527/11, há a possibilidade de interposição de recursos, por meio do sistema, no prazo de 10 (dez) dias.  Atenciosamente,  Superintendência de Regulação dos Serviços de Distribuição  SRD Serviço de Informação ao Cidadão  SIC Agência Nacional de Energia Elétrica  ANEEL ",c234,c5,0.1481604503297852,0.19456828039669136,0.6572712692735234,0.6572712692735234,1059,154,False
" Prezado Nilton,  O Decreto 7.724, que regulamenta a Lei de Acesso à Informação, trata no seu Art. 5º, § 1º: A divulgação de informações de empresas públicas, sociedade de economia mista e demais entidades controladas pela União que atuem em regime de concorrência, sujeitas ao disposto no art. 173 da Constituição, estará submetida às normas pertinentes da Comissão de Valores Mobiliários, a fim de assegurar sua competitividade, governança corporativa e, quando houver, os interesses de acionistas minoritários.   Nesses termos, informamos que as informações referentes aos dados financeiros estão submetidas a este dispositivo, enquadrando-se também ao Art. 6 da Portaria Interministerial n. 233 do MPOG, publicada no DOU em 28/05/2012, a saber: As empresas públicas, sociedades de economia mista e demais entidades controladas pela União que não atuam em regime de concorrência, não sujeitas ao disposto no art. 173 da Constituição, deverão disponibilizar as informações de seus empregados e administradores em seus sítios na Internet, não sendo necessária a publicação no Portal da Transparência de que trata o § 1º do art. 1º.  Contudo, o site www.transparência.gov.br traz informações oficiais sobre o orçamento do governo federal.  Atenciosamente, Serviço de Informações ao Cidadão da CEITEC S.A. ",c234,c1,0.6567112659736933,0.26194241937408186,0.08134631465222494,0.6567112659736933,1309,194,False
 Agência Nacional de Energia Elétrica  ANEEL Serviço de Informações ao Cidadão     ,c234,c5,0.167636023659368,0.1756578838116625,0.6567060925289694,0.6567060925289694,84,12,False
" Prezado Rodrigo de Oliveira Ribeiro,  Existe cargos vagos de Técnico em Assuntos Educacionais.  Atenciosamente, ",c234,c5,0.1449032348663937,0.19870932045688353,0.6563874446767227,0.6563874446767227,113,14,False
" Sra Andréa, Seguem as respostas referentes ao questionário enviado.   Questões: 1) Não 2) Sim, setor vinculado á Pró-Reitoria de Administração., Arquivista por portaria. (SEM LINK) 3) Com 1 arquivista e 2 técnicos em microfilmagens, bolsistas e terceirizados. 4) Não (SEM LINK) 5) Não 6) Não ",c234,c5,0.09405054178432412,0.24983825004118349,0.6561112081744924,0.6561112081744924,293,45,False
" Prezado(a) Senhor(a),  Sua manifestação foi analisada e classificada como uma reclamação, definida pela Instrução Normativa da Ouvidoria-Geral da União nº 05/2018, como uma demonstração de insatisfação relativa a serviço público.  Para dar o tratamento adequado à sua reclamação, oferecendo uma resposta mais completa e rápida, ela foi encaminhada ao e-OUV (Sistema de Ouvidorias do Poder Executivo Federal), responsável pelo registro e tratamento de manifestações de ouvidoria.  Caso não concorde com o encaminhamento do pedido, é possível apresentar pedido de revisão à Ouvidoria-Geral da União (OGU), em até 10 (dez) dias, clicando aqui. O pedido de revisão será julgado pela OGU em até 5 (cinco) dias.  Somente ao fim do prazo para apresentação do pedido de revisão, ou seja, após 10 dias, o andamento da sua reclamação poderá ser acompanhado por meio do e-Ouv, disponível em http://sistema.ouvidorias.gov.br/. Você pode fazer a consulta clicando em ""Consulte sua Manifestação"" e informando seu número de protocolo e endereço de e-mail.  Para consultar a manifestação no e-Ouv basta acessar este link. ",c234,c1,0.6560733382347742,0.24899818798579784,0.09492847377942785,0.6560733382347742,1107,166,False
" Prezada solicitante, a ANP não regulamenta este tipo de cobrança. Informamos ainda que o canal adequado para o envio de denúncias é o formulário Fale Conosco, disponível em nosso site no endereço http://www.anp.gov.br/wwwanp/fale-conosco ou pelo telefone 0800 - 970 - 0267. Atenciosamente, Serviço de Informações ao Cidadão - SIC/ANP. ",c234,c1,0.655703938694028,0.18077825428002156,0.16351780702595056,0.655703938694028,336,49,False
" Senhor Levi,    Em atendimento a sua solicitação segue, anexo, a sua resposta.    Att.,    Cristiane M Mendes Respondente do e-SIC da UNIFAL-MG ",c1,c5,0.14323191917897846,0.20150935224923297,0.6552587285717886,0.6552587285717886,145,21,False
" Prezados Senhor Marcio Dolzan,  Encaminhamos-lhe, em anexo, resposta da Diretoria Estratégia da Marca do Banco do Brasil ao seu pedido de informação.  Atenciosamente,  Serviço de Informação ao Cidadão do Banco do Brasil  SICBB  Recurso  Conforme a Lei 12527/11 em seu artigo Art. 15, no caso de indeferimento de acesso a informações ou às razões da negativa do acesso, poderá o interessado interpor recurso contra a decisão no prazo de 10 (dez) dias a contar da sua ciência.  Parágrafo único. O recurso será dirigido à autoridade hierarquicamente superior à que exarou a decisão impugnada, que deverá se manifestar no prazo de 5 (cinco) dias. ",c234,c1,0.6538334847148664,0.22327404161929837,0.12289247366583528,0.6538334847148664,645,104,False
" Prezado Renato,   Seguem as respostas ao questionário enviado em anexo. As respostas foram enviadas através do memorando nº 294/2018 - SPQ. Respondido pela Diretora de Orçamento e Finanças: Priscila Guimarães Reis Bartelega. Atenciosamente, Patricia Santucci - Autoridade responsável pelo monitoramento da Lei de Acesso no âmbito da UNIFEI. ",c234,c5,0.10606285642353812,0.24046198013459433,0.6534751634418676,0.6534751634418676,342,48,False
" Prezado manifestante, conforme informação da Coordenadoria de Admissão de Pessoal, o IFSP dispõe de três códigos para o cargo Técnico em Tecnologia da Informação, que podem ser utilizados a critério da Administração.  Atenciosamente,  SIC/IFSP ",c234,c5,0.17527468565303492,0.1718060275269938,0.6529192868199712,0.6529192868199712,245,34,False
" Prezada Senhora,    Em atenção à sua solicitação, encaminhamos abaixo as informações prestadas pelo Departamento de Administração de Recursos Humanos (DEARH).   Quanto às vagas existentes hoje no estado de São Paulo, o DEARH informa que, de acordo com o Edital de Abertura para Concurso Público 01/18, houve abertura para Cadastro Reserva para o cargo Técnico Operacional Nível III - área de atuação: Civil.    Para a cidade de Piracicaba foi aberto o cargo 215 - Técnico Operacional Nível III - área de atuação: Civil  para Cadastro Reserva.    Quanto ao questionamento se na cidade de Piracicaba existe esse código de vaga e se a vaga está ocupada, o DEARH informa que foi aberto cargo 215 - Técnico Operacional Nível III - área de atuação: Civil  também para Cadastro Reserva.   Finalizando, ressaltamos que o Edital de Abertura para o Concurso Público 01/18 está disponível no site do Instituto águia - www.institutoaguia.org.br    Sem mais a acrescentar, colocamo-nos à disposição.     Atenciosamente,   SIC / CEAGESP ",c1,c5,0.05012320971495258,0.2990944480098748,0.6507823422751725,0.6507823422751725,1024,158,False
" Caro Sr. Raildo de Sousa Machado, encaminho, em anexo, cópia da resposta de sua solicitação.  Atenciosamente,  SIC/UNIFAP ",c1,c5,0.15297827962567256,0.19635327660019872,0.6506684437741287,0.6506684437741287,123,17,False
" Prezado(a) Senhor(a), Em atenção ao seu pedido de acesso à informação, formulado com base na Lei nº 12.527/2011, regulamentada pelo Decreto nº 7.724/2012, informamos que em consulta as Secretarias deste Ministério obtivemos as seguintes respostas: Secretaria Nacional de Mobilidade Urbana  SEMOB No que se refere à mobilidade urbana, cabe destacar que a Lei 12587/12, que institui a Política Nacional de Mobilidade Urbana estabelece as atribuições de cada ente federal. à União cabe prestar assistência técnica e financeira aos Estados, Distrito Federal e Municípios e aos municípios compete planejar, executar e avaliar a política de mobilidade urbana. No que se refere à pavimentação, é importante destacar que o dimensionamento do pavimento é determinado pelo projetista na elaboração do projeto técnico levando em conta aspectos como: capacidade de suporte do solo, intensidade do tráfego, disponibilidade de material na região, fatores climáticos regionais, entre outros. Os projetistas devem observar a legislação e as normas técnicas vigentes. Como referência, sugerimos leitura do Manual de Pavimentação do DNIT/Ministério dos Transportes, Portos e Aviação Civil em http://www1.dnit.gov.br/arquivos_internet/ipr/ipr_new/manuais/Manual%20de%20Pavimenta%E7%E3o_05.12.06.pdf. Sobre acessibilidade, há uma diversidade de normas técnicas sobre o tema. Sugerimos consulta ao site da Secretaria Especial da Pessoa com Deficiência em http://www.pessoacomdeficiencia.gov.br/app/normas-abnt. A Secretaria Nacional de Mobilidade Urbana do Ministério das Cidades possui um programa de financiamento aberto de forma contínua para que os municípios possam solicitar recursos para pavimentação de vias urbanas, execução de passeios com acessibilidade, infraestrutura cicloviária, iluminação pública, entre outros. As informações estão disponíveis na página do Ministério das Cidades em http://www.cidades.gov.br/informativos-semob/5277-avancar-cidades-mobilidade-urbana. Secretaria Nacional de Desenvolvimento Urbano - SNDU O tema ""PADRONIZAçãO DE CALçADAS (TIPO DE PISO, COR, ESTRUTURA, ACESSIBILIDADE, ETC)"" é tratado na Secretaria Nacional de Desenvolvimento Urbano - SNDU, que opera Transferências Voluntárias no âmbito da Ação Orçamentária 10T2 - Apoio a Projetos e Obras de Reabilitação e Urbanização Acessível em áreas Urbanas, inserida no Programa 2054 - Planejamento Urbano. O objetivo da Ação 10T2 é fomentar transformações urbanísticas estruturais e urbanização acessível orientadas pelas funções sociais da cidade e da propriedade. A Ação 10T2 prevê a elaboração de projetos e a execução de obras de implantação, ampliação, restauração, reforma e/ou adaptação de espaços e logradouros públicos urbanos como: calçadas, praças, parques, feiras públicas, áreas de lazer, calçadões, ciclovias integradas aos passeios, rotas acessíveis, estruturas para a prática de atividades físicas e demais lugares de convívio social.  Ressalta-se que, no momento, a Ação 10T2 não possui recursos discricionários suficientes para abertura de seleção pública e/ou inclusão no programa para apresentação de propostas. Assim, a forma de acesso seria por meio de emendas parlamentares nominalmente identificadas no Orçamento Geral da União. Ademais, registramos que caso tenha interesse me registrar uma Sugestão no Ministério das Cidades, que o caminho competente é pelo Sistema de Ouvidorias do Governo Federal, através do link: . Comunicamos a Vossa Senhoria que , caso necessário, poderá ser apresentado no prazo de dez dias, recurso para a autoridade hierarquicamente superior a quem adotou a atual decisão. De acordo com o disposto na Seção II do Capítulo III da Lei nº 12.527/2011 e na Seção IV do Capítulo IV do Decreto nº 7.724/2012. Atenciosamente, Serviço de Informação ao Cidadão  SIC  Ministério das Cidades sic@cidades.gov.br ",c1,c234,0.1436061169284388,0.6502783505438944,0.20611553252766684,0.6502783505438944,3826,526,False
" Senhor,  Este é um canal para o requerimento de informações públicas nos termos da Lei nº 12.527/2011.  Requerimento que tenha por objetivo a obtenção de manifestação técnica e/ou jurídica acerca de dispositivos de legislação e normas que regem os mercados de seguro, de resseguro, de capitalização e de previdência complementar aberta deve ser formulado nos termos da Deliberação SUSEP nº 156/2013, acessível em www.susep.gov.br, no link Atos Normativos.   A resposta aos seus questionamentos depende de análise do caso concreto à luz das normas vigentes e, portanto, é caracterizada como uma consulta nos termos da Deliberação supracitada e não como um pedido de informação pública, contemplado pela Lei nº 12.527/2011.  Sua consulta pode ser feita por e-mail para consulta@susep.gov.br, ressaltando que a SUSEP não responde a consultas formuladas em tese.  Atenciosamente, Serviço de Informação ao Cidadão  SIC Susep ",c234,c1,0.6494733484208389,0.2105679148236486,0.13995873675551251,0.6494733484208389,924,138,False
" Senhor,  Este é um canal para o requerimento de informações públicas nos termos da Lei nº 12.527/2011.  Requerimento que tenha por objetivo a obtenção de manifestação técnica e/ou jurídica acerca de dispositivos de legislação e normas que regem os mercados de seguro, de resseguro, de capitalização e de previdência complementar aberta deve ser formulado nos termos da Deliberação SUSEP nº 156/2013, acessível em www.susep.gov.br, no link Atos Normativos.   A resposta aos seus questionamentos depende de análise do caso concreto à luz das normas vigentes e, portanto, é caracterizada como uma consulta nos termos da Deliberação supracitada e não como um pedido de informação pública, contemplado pela Lei nº 12.527/2011.  Sua consulta pode ser feita por e-mail para consulta@susep.gov.br, ressaltando que a SUSEP não responde a consultas formuladas em tese.  Atenciosamente, Serviço de Informação ao Cidadão  SIC Susep ",c234,c1,0.6494733484208389,0.2105679148236486,0.13995873675551251,0.6494733484208389,924,138,False
" Senhora Mirza,  O Serviço de Informações ao Cidadão do Ministério do Planejamento, Desenvolvimento e Gestão agradece o seu contato.  Em atenção à sua solicitação, esclarecemos inicialmente que o objetivo da Lei de Acesso à Informação (LAI) é fornecer o acesso a informações contidas em registros ou documentos, produzidos ou acumulados por seus órgãos ou entidades, recolhidos ou não a arquivos públicos (art.7º, inciso II, da Lei nº 12.527/2011), ressalvadas as hipóteses de sigilo preestabelecidas em Lei.  Nesse sentido, destacamos que pedidos de informações que demandem a produção de análises, interpretações e manifestações acerca de casos concretos, ou mesmo assuntos em tese, não estão abrangidas no escopo da LAI, conforme estabelece o art. 13, inciso III, do Decreto nº 7.724/2012, a seguir transcrito:  ""Art. 13. Não serão atendidos pedidos de acesso à informação:  (...)  III- que exijam trabalhos adicionais de análise, interpretação ou consolidação de dados e informações, ou serviço de produção ou tratamento de dados que não seja de competência do órgão ou entidade.""  Por fim, registramos que dúvidas frequentes a respeito de concursos públicos estão respondidas no menu ""Perguntas Frequentes"" opção ""Concursos Públicos"", link:  http://www.planejamento.gov.br/servicos/faq/concursos>.  Atenciosamente,  Serviço de Informações ao Cidadão (SIC) Ministério do Planejamento, Desenvolvimento e Gestão (MP) www.planejamento.gov.br/acesso-a-informacao ",c5,c1,0.6492474286666552,0.2394543749419564,0.11129819639138845,0.6492474286666552,1463,201,False
" Prezado Senhor, Cumprimentando-o cordialmente e em atenção ao pedido formulado por Vossa Senhoria junto ao Serviço de Informações ao Cidadão SIC/MEC, informamos que o Processo nº 23294.005611.2019-18, foi encaminhado pela Coordenação de Administração de Pessoal (CGGP/CAP/REDISTRIB) e recebido na SETEC/DDR/CGDP/REDISTRIBUIçãO em 26/06/2019, onde encontra-se até o momento.  Considerando a demanda de processos dessa natureza, não é possível estimar o prazo para sua finalização. Sugerimos o acompanhamento do trâmite por meio dos seguintes instrumentos: Site do Protocolo Integrado do Governo Federal (www.protocolointegrado.gov.br), Setor de gestão de pessoas do seu órgão, ou através do e-mail redistribuicaocggp@mec.gov.br. A publicação pode ser acompanhada através da página da Imprensa Nacional, D.O.U, Seção 2, MEC (www.in.gov.br). Atenciosamente,  Atenciosamente, Subsecretaria de Assuntos Administrativos Ministério da Educação ",c234,c5,0.11658669922227456,0.23788716354554457,0.6455261372321809,0.6455261372321809,938,119,False
" Prezado(a) Sr(a). Antônio Augusto,  Informamos que o Banco Central do Brasil é o órgão que regulamenta o horário de funcionamento do Bancos.  No endereço eletrônico abaixo o senhor poderá realizar a consulta:  https://www.bcb.gov.br/pre/pef/port/folder_serie_I_atendimento_bancario.pdf   Atenciosamente,  Serviço de Informação ao Cidadão do Banco do Brasil  SICBB ",c5,c1,0.645373697317712,0.24018040777784255,0.11444589490444544,0.645373697317712,366,45,False
" Prezada Solicitante, O Serviço de Informação ao Cidadão (SIC) tem como objetivo a prestação de informação pública de interesse geral e coletivo. Esclareço a Vossa Senhoria que o seu pedido de informação consiste em um pedido de informação pessoal sensível, razão pela qual não podemos atender à solicitação. As informações pessoais são protegidas pela Lei de Acesso à Informação (LAI) e pelo decreto que regulamentou a referida lei.   O Decreto nº 7.724/2012 em seu Capítulo VII prevê: Art. 56. O tratamento das informações pessoais deve ser feito de forma transparente e com respeito à intimidade, vida privada, honra e imagem das pessoas, bem como às liberdades e garantias individuais.  De acordo com o artigo 31, as informações pessoais somente podem ser disponibilizadas ao titular da informação, agentes públicos legalmente autorizados ou a terceiros mediante consentimento expresso e após validação da identidade do requerente, conforme estabelece o art. 60 do Decreto n. 7.724/2012, que regulamenta a lei de acesso a informação. Art. 60. O pedido de acesso a informações pessoais observará os procedimentos previstos no capítulo IV e estará condicionado à comprovação da identidade do requerente. Parágrafo único.  O pedido de acesso a informações pessoais por terceiros deverá ainda estar acompanhado de: I - comprovação do consentimento expresso de que trata o inciso II do caput do art. 55, por meio de procuração, II - comprovação das hipóteses previstas no art. 58, III - demonstração do interesse pela recuperação de fatos históricos de maior relevância, observados os procedimentos previstos no art. 59, ou IV - demonstração da necessidade do acesso à informação requerida para a defesa dos direitos humanos ou para a proteção do interesse público e geral preponderante.    Conforme art. 21 do Decreto n. 7.724/2012, pode ser apresentado recurso à autoridade hierarquicamente superior a que deu a resposta e isso deve ser feito no prazo de 10 (dez) dias contados da publicação da resposta. Deve-se clicar no botão correspondente (Recorrer em 1ª Instância) no sistema e-SIC e apresentar as razões do recurso.    Atenciosamente, Serviço de Informação ao Cidadão - SIC/UnB Campus Universitário Darcy Ribeiro Prédio da Biblioteca Central, 1º Pavimento, sala A1 - 09/41 CEP.: 70910 900 Brasília DF Brasil Telefone: (61) 3107-2710 ",c234,c1,0.6447289085976319,0.19342260105836903,0.16184849034399926,0.6447289085976319,2341,363,False
" Prezado Senhor,  O Senador José Serra optou por não receber os proventos advindos do cargo de natureza especial de Senhor Ministro de Estado das Relações Exteriores. Dessa forma, o Senador não recebe vencimentos deste Ministério. As fichas salariais solicitadas por Vossa Senhoria estão disponíveis para consulta no site do Congresso Nacional.  Nos termos do art. 21 do Decreto n° 7.724, de 16 de maio de 2012, eventual recurso sobre esta resposta deve ser dirigido à Senhora Subsecretária-Geral do Serviço Exterior, no prazo de 10 dias, a contar da data desta Decisão.   Atenciosamente,  Diretor do Departamento do Serviço Exterior Ministério das Relações Exteriores ",c234,c5,0.15993223305479123,0.19558947824049305,0.6444782887047157,0.6444782887047157,669,102,False
" Prezado Solicitante, Para que sejam atendidos os pedidos de informação que envolvam o antigo Centro de Seleção e de Promoção de Eventos (CESPE) bem como o atual Centro Brasileiro de Pesquisa em Avaliação e Seleção e de Promoção de Eventos (Cebraspe), favor entrar em contato diretamente com os canais abaixo:   Tel. (61) 3448-0100   SAC: sac@cebraspe.org.br    A UnB esclarece que a Fundação Universidade de Brasília (FUB) juntamente com o Ministério da Educação (MEC) e o Instituto Nacional de Estudos e Pesquisas Educacionais (INEP), finalizou o processo de qualificação de pessoa jurídica de direito privado, sem fins lucrativos, estritamente nos moldes preconizados pela Lei 9.637/98, que dispõe sobre a qualificação de entidades como organizações sociais. Nesse ponto, esclarece-se que a nova Organização Social já se encontra constituída sob aquela denominação, Cebraspe, possui CNPJ e Estatuto Social e já foi qualificada como OS nos termos legais acima descritos tendo sido formalizada com o Decreto n. 8.078, de 19 de agosto de 2013. Para mais informações sobre esse processo, acesse o seguinte sítio eletrônico: http://www.cespe.unb.br/Cebraspe/. Informa-se, portanto, que apesar de o Cebraspe funcionar no mesmo local em que funciona o antigo CESPE/UnB e utilizar todos os seus bens móveis, acervo técnico, incluídos seus atestados de capacidade técnica, os sistemas tecnológicos por ele desenvolvidos, os seus domínios de internet, os direitos autorais referentes a provas elaboradas e seus arquivos com cadastro de colaboradores e de candidatos, é pessoa jurídica distinta da Fundação Universidade de Brasília. Diante do exposto, reitera-se a orientação de que as demandas que seriam direcionadas ao CESPE/UnB sejam encaminhadas ao Cebraspe através dos canais constantes acima.   Cabe ressaltar que, conforme art. 21 do Decreto n. 7.724/2012, pode ser apresentado recurso à autoridade hierarquicamente superior a que deu a resposta e isso deve ser feito no prazo de 10 (dez) dias contados da publicação da resposta. Deve-se clicar no botão correspondente (Recorrer em 1ª Instância) no sistema e-SIC e apresentar as razões do recurso.   Atenciosamente, Serviço de Informação ao Cidadão - SIC/UnB Campus Universitário Darcy Ribeiro Prédio da Biblioteca Central, 1º Pavimento, sala A1 - 09/41 CEP.: 70910 900 Brasília DF Brasil  Telefone: (61) 3107-2710 ",c234,c1,0.6442728794501336,0.18934299947378147,0.16638412107608497,0.6442728794501336,2365,352,False
" Prezado José de Arimatéia,   O Instituto Federal agradece o seu contato!   Recebemos seu pedido de informação sob nº [23480027257201896]. Em atendimento a sua solicitação, apresentamos a seguir a resposta fornecida pelo Departamento de Admissão, Dimensionamento e Movimentação de Pessoal do Instituto Federal do Maranhão:   Informamos que até o presente momento o Instituto Federal do Maranhão não dispõe de código de vaga e demanda de Professor de Ensino Básico, Técnico e Tecnológico, área/disciplina Administração.      Atenciosamente   Ouvidoria Institucional ",c234,c5,0.07258866008267305,0.2843578853930325,0.6430534545242945,0.6430534545242945,565,76,False
" Prezada Senhora,  O seu pedido de informação foi recebido pela Petrobras em 01/04/2019 e registrado sob o número de protocolo SIC 00872/2019.  Cumpre à Ouvidoria-Geral, por meio deste SIC, informar que a Lei de Acesso à Informação - LAI (Lei nº 12.527/2011), no artigo 31 e seguintes, estabelece que as informações pessoais terão seu acesso restrito e que o seu tratamento deve ser feito com respeito à intimidade, vida privada, honra e imagem das pessoas.  Para proteger a privacidade de seus empregados, restringindo o acesso às informações pessoais custodiadas pela Petrobras, a exemplo de contatos telefônicos ou endereços de email, a companhia não poder fornecer a informação solicitada.  Sem prejuízo, cumpre à Ouvidoria-Geral, por meio deste SIC, informar que, por razões de segurança empresarial e governança corporativa, não é possível fornecer a localização de setores específicos da companhia ou de empregados com o respectivo fornecimento de seus contatos, conforme preceitua o artigo 5º, §1º do Decreto nº 7.724/2012, que regulamenta a LAI.   A Petrobras, em observância da Lei de Acesso à Informação, dispõe de um organograma com os contatos dos membros da diretoria e dos Gerentes Executivos, que pode ser consultado no Portal de Transparência:   http://www.petrobras.com.br/pt/quem-somos/organograma/  Para atendimento ao seu pedido, solicitamos entrar em contato com o SAC Petrobras, através do Telefone: 0800 728 9001  Endereço eletrônico: sac@petrobras.com.br.  Diante do exposto, considera-se o presente protocolo encerrado.  A Petrobras novamente agradece a confiança depositada, reafirmando o seu compromisso com a transparência.  Atenciosamente,  Serviço de Informação ao Cidadão (SIC) Ouvidoria-Geral da Petrobras ",c234,c1,0.6427050118986404,0.24178613943508623,0.11550884866627334,0.6427050118986404,1739,250,False
 Bom dia.  Segue a informação solicitada.  http://www.ufca.edu.br/portal/documentos-online/editais-2/concursoss/progep/5729--3854/file  Atenciosamente Ouvidoria Geral ,c5,c234,0.1557607227200874,0.6421751154477532,0.20206416183215933,0.6421751154477532,167,10,False
